"","ResponseId.y","partID","day","Age","Zoom_Prereq","Gender","Gender_5_TEXT","Sexual_Orientation","Sexual_Orientation_6_TEXT","Race","Race_7_TEXT","Political","Living_Situation","Family","Household_Size","Privacy","Student_Status","Zoom_Function.x","Zoom_Use_Weekly","Zoom_Use_Daily","Computer_Use_Weekly","Computer_Use_Daily","Image_Distraction","Preparedness_Daily","EDEQ_Part_1_1","EDEQ_Part_1_2","EDEQ_Part_1_3","EDEQ_Part_1_4","EDEQ_Part_1_5","EDEQ_Part_1_6","EDEQ_Part_1_7","EDEQ_Part_1_8","EDEQ_Part_1_9","EDEQ_Part_1_10","EDEQ_Part_1_11","EDEQ_Part_1_12","EDEQ_Part_2_1_1","EDEQ_Part_2_2_1","EDEQ_Part_2_3_1","EDEQ_Part_2_4_1","EDEQ_Part_2_5_1","EDEQ_Part_2_6_1","EDEQ_Part_3_a","EDEQ_Part_3_b","EDEQ_Part_3_c","EDEQ_Part_4_1","EDEQ_Part_4_2","EDEQ_Part_4_3","EDEQ_Part_4_4","EDEQ_Part_4_5","EDEQ_Part_4_6","EDEQ_Part_4_7","Hide_Self_View","Self_View","ability","appearance","tso_mean","OBCS_sur","SPA","Progress.y","StroopTime_Congrue_First Click","StroopTime_Congrue_Last Click","StroopTime_Congrue_Page Submit","StroopTime_Congrue_Click Count","StroopTime_Incongru_First Click","StroopTime_Incongru_Last Click","StroopTime_Incongru_Page Submit","StroopTime_Incongru_Click Count","Zoom_Total_Mins","Self_View_Mins","Preparedness","Zoom_Function.y","Fatigue","Lack_of_Initiative","Mental_Fatigue","ConcentrateDifficult","Memory_Problems","Slowness_of_Thinking","Sensitivity_to_Stres","Irritability","Sleep_Hours","SSO_1","SSO_2","SSO_3","SSO_4","SSO_5","How_Today","stroop_fatigue","Hide_Self_View_Today","Self_View_Today","Self_Distraction_Today","Mental_Fatigue_Daily","daily_SSO","daily_SSO_binary","authenticity","interact_qual","SES_daily"
"1","R_3pmYvYm28IMgBl1",1,1,20,1,2,NA,46,"Questioning",1,NA,1,2,1,4,1,13,23,5,3,7,5,4,4,1,1,2,1,1,2,1,1,2,2,1,1,2,1,2,0,0,0,2,2,2,2,3,4,2,3,2,3,1,5,6,5,1,6,3.5,100,0,0,20.863,0,0,0,17.644,0,150,70,4,2,4,2,3,1,2,1,4,1,"7",3,4,3,4,4,4,-3.219,3,3,3,2,3.33333333333333,1,4,3.92307692307692,3
"2","R_tSqlQ5nxJNgJMit",1,2,20,1,2,NA,46,"Questioning",1,NA,1,2,1,4,1,13,23,5,3,7,5,4,4,1,1,2,1,1,2,1,1,2,2,1,1,2,1,2,0,0,0,2,2,2,2,3,4,2,3,2,3,1,5,6,5,1,6,3.5,100,0,0,15.13,0,0,0,13.135,0,0,0,5,NA,7,6,5,6,3,7,4,1,"9",1,1,1,1,1,2,-1.995,1,5,1,4.33333333333333,1,0,1,3.30769230769231,2.4
"3","R_1jeKzTQ8mcvT5wH",1,3,20,1,2,NA,46,"Questioning",1,NA,1,2,1,4,1,13,23,5,3,7,5,4,4,1,1,2,1,1,2,1,1,2,2,1,1,2,1,2,0,0,0,2,2,2,2,3,4,2,3,2,3,1,5,6,5,1,6,3.5,100,0,0,10.743,0,0,0,13.535,0,75,0,4,2,5,5,5,4,2,5,4,2,"9",2,2,2,4,4,4,2.792,5,1,1,3.66666666666667,2,1,4,4.61538461538461,2.8
"4","R_1q21rTrOHmRvcNY",1,4,20,1,2,NA,46,"Questioning",1,NA,1,2,1,4,1,13,23,5,3,7,5,4,4,1,1,2,1,1,2,1,1,2,2,1,1,2,1,2,0,0,0,2,2,2,2,3,4,2,3,2,3,1,5,6,5,1,6,3.5,100,0,0,10.823,0,0,0,13.948,0,150,70,4,2,3,3,2,3,2,1,2,1,"8",4,5,4,4,5,5,3.125,3,3,4,1.83333333333333,4.33333333333333,1,4.5,5.69230769230769,3
"5","R_3kaJPFxVbULnF3v",1,5,20,1,2,NA,46,"Questioning",1,NA,1,2,1,4,1,13,23,5,3,7,5,4,4,1,1,2,1,1,2,1,1,2,2,1,1,2,1,2,0,0,0,2,2,2,2,3,4,2,3,2,3,1,5,6,5,1,6,3.5,100,0,0,9.23,0,0,0,17.994,0,75,0,4,2,3,3,3,3,2,2,3,1,"7.5",4,4,4,3,3,5,8.764,5,1,1,2.33333333333333,4,1,3,5.07692307692308,2.9
"6","R_vqMQQoc6QbVR9Ad",2,1,33,1,23,NA,35,NA,1,NA,1,2,1,3,2,13,12,7,2.5,7,7,4,5,1,1,1,1,2,2,1,1,1,3,2,2,1,0,0,0,0,0,2,1,2,3,1,7,3,4,5,4,2,4,6,5,1,3,3.66666666666667,100,2.404,2.404,21.651,1,6.257,6.257,51.087,1,260,130,4,2,7,5,6,6,7,5,4,1,"7",5,6,4,5,5,5,29.436,3,3,3,4.83333333333333,5,1,5,4.76923076923077,2.7
"7","R_3h3ZCULTy6t5KUo",2,2,33,1,23,NA,35,NA,1,NA,1,2,1,3,2,13,12,7,2.5,7,7,4,5,1,1,1,1,2,2,1,1,1,3,2,2,1,0,0,0,0,0,2,1,2,3,1,7,3,4,5,4,2,4,6,5,1,3,3.66666666666667,100,0,0,23.015,0,0,0,44.466,0,480,240,5,2,7,2,3,2,3,2,3,1,"8",4,3,2,6,5,5,21.451,3,3,5,2.33333333333333,3,1,5.5,4.92307692307692,3
"8","R_2e2wI1H6p1IGbCC",2,3,33,1,23,NA,35,NA,1,NA,1,2,1,3,2,13,12,7,2.5,7,7,4,5,1,1,1,1,2,2,1,1,1,3,2,2,1,0,0,0,0,0,2,1,2,3,1,7,3,4,5,4,2,4,6,5,1,3,3.66666666666667,100,0,0,18.427,0,0,0,20.951,0,85,15,5,2,1,1,2,1,1,1,2,1,"9.5",1,1,1,6,7,6,2.524,4,2,2,1.33333333333333,1,0,6.5,5.46153846153846,3.2
"9","R_3qZERvmdFmH8d3z",2,4,33,1,23,NA,35,NA,1,NA,1,2,1,3,2,13,12,7,2.5,7,7,4,5,1,1,1,1,2,2,1,1,1,3,2,2,1,0,0,0,0,0,2,1,2,3,1,7,3,4,5,4,2,4,6,5,1,3,3.66666666666667,100,0,0,12.076,0,0,0,25.08,0,190,80,5,2,4,3,3,2,1,3,2,1,"6?",2,2,2,5,4,5,13.004,2,4,2,2,2,1,4.5,4.53846153846154,3.1
"10","R_cMkUZzF53A3mXCh",2,5,33,1,23,NA,35,NA,1,NA,1,2,1,3,2,13,12,7,2.5,7,7,4,5,1,1,1,1,2,2,1,1,1,3,2,2,1,0,0,0,0,0,2,1,2,3,1,7,3,4,5,4,2,4,6,5,1,3,3.66666666666667,100,0,0,13.467,0,0,0,30.291,0,100,10,5,23,7,5,4,2,1,4,3,3,"6.5",2,3,2,3,4,2,16.824,4,2,2,2.83333333333333,2.33333333333333,1,3.5,3.53846153846154,2.6
"11","R_2yskzSCIW3Cbit3",3,1,19,1,2,NA,5,NA,4,NA,2,2,2,4,1,123,12,6,3,7,9,2,4,2,1,2,1,1,1,1,1,2,2,3,2,2,10,8,0,0,0,1,3,1,3,3,5,6,5,2,7,1,5,4.4,6.6,-2.2,4.625,3.66666666666667,100,0,0,21.54,0,0,0,26.577,0,150,130,5,2,5,4,5,4,1,3,2,1,"8",1,1,1,7,7,3,5.037,1,5,2,2.66666666666667,1,0,7,5.69230769230769,2.2
"12","R_1l0ssWYGwEbyR2S",3,2,19,1,2,NA,5,NA,4,NA,2,2,2,4,1,123,12,6,3,7,9,2,4,2,1,2,1,1,1,1,1,2,2,3,2,2,10,8,0,0,0,1,3,1,3,3,5,6,5,2,7,1,5,4.4,6.6,-2.2,4.625,3.66666666666667,100,0,0,12.462,0,0,0,18.506,0,90,70,5,2,4,1,3,1,2,2,2,1,"6",1,1,1,7,7,3,6.044,1,5,1,1.83333333333333,1,0,7,5.38461538461539,3.4
"13","R_2Ep0or0lUkH5fNh",3,3,19,1,2,NA,5,NA,4,NA,2,2,2,4,1,123,12,6,3,7,9,2,4,2,1,2,1,1,1,1,1,2,2,3,2,2,10,8,0,0,0,1,3,1,3,3,5,6,5,2,7,1,5,4.4,6.6,-2.2,4.625,3.66666666666667,100,0,0,10.698,0,0,0,19.355,0,210,160,3,2,4,3,3,1,2,2,1,1,"6.5",1,1,1,5,7,5,8.657,1,5,3,1.66666666666667,1,0,6,4.38461538461539,3.9
"14","R_ONbUsjcRrXooMBr",3,4,19,1,2,NA,5,NA,4,NA,2,2,2,4,1,123,12,6,3,7,9,2,4,2,1,2,1,1,1,1,1,2,2,3,2,2,10,8,0,0,0,1,3,1,3,3,5,6,5,2,7,1,5,4.4,6.6,-2.2,4.625,3.66666666666667,100,0,0,11.153,0,0,0,16.113,0,160,30,5,2,4,3,1,1,1,1,5,1,"6.5",1,1,1,6,6,3,4.96,1,5,1,1.66666666666667,1,0,6,5.38461538461539,2.6
"15","R_1ptD5uxEXxIVC8E",3,5,19,1,2,NA,5,NA,4,NA,2,2,2,4,1,123,12,6,3,7,9,2,4,2,1,2,1,1,1,1,1,2,2,3,2,2,10,8,0,0,0,1,3,1,3,3,5,6,5,2,7,1,5,4.4,6.6,-2.2,4.625,3.66666666666667,100,0,0,10.979,0,0,0,18.424,0,90,30,3,2,5,3,3,3,1,3,3,2,"4.5",1,1,1,4,5,4,7.445,1,5,2,2.5,1,0,4.5,4.30769230769231,2.6
"16","R_3eenbJNFLov56Kc",4,1,22,1,2,NA,3,NA,1,NA,2,2,2,1,1,13,23,7,3,7,12,3,4,1,1,7,1,4,7,2,1,3,4,7,2,0,1,0,0,0,0,3,2,1,7,6,6,6,5,7,6,2,4,6,5,1,5.625,4.25,100,0,0,20.292,0,0,0,35.036,0,130,40,4,2,6,1,5,3,3,3,5,1,"4",5,1,2,2,4,3,14.744,1,5,2,3.33333333333333,2.66666666666667,1,3,3.30769230769231,2.7
"17","R_eCHUTmwxtCbVgSR",4,2,22,1,2,NA,3,NA,1,NA,2,2,2,1,1,13,23,7,3,7,12,3,4,1,1,7,1,4,7,2,1,3,4,7,2,0,1,0,0,0,0,3,2,1,7,6,6,6,5,7,6,2,4,6,5,1,5.625,4.25,100,0,0,15.585,0,0,0,30.366,0,200,95,3,12,7,5,7,6,4,7,7,5,"6",1,1,1,7,2,3,14.781,1,5,2,6,1,0,4.5,4.23076923076923,2.3
"18","R_2wzw4VOI1IYJJ1J",4,3,22,1,2,NA,3,NA,1,NA,2,2,2,1,1,13,23,7,3,7,12,3,4,1,1,7,1,4,7,2,1,3,4,7,2,0,1,0,0,0,0,3,2,1,7,6,6,6,5,7,6,2,4,6,5,1,5.625,4.25,100,0,0,4.823,0,0,0,1.566,0,175,125,5,2,3,1,1,3,1,1,2,1,"8",1,1,1,7,4,7,-3.257,1,5,2,1.5,1,0,5.5,4.61538461538461,3.2
"19","R_1l4qsSYe48tFnIv",4,4,22,1,2,NA,3,NA,1,NA,2,2,2,1,1,13,23,7,3,7,12,3,4,1,1,7,1,4,7,2,1,3,4,7,2,0,1,0,0,0,0,3,2,1,7,6,6,6,5,7,6,2,4,6,5,1,5.625,4.25,100,0,0,1.375,0,0,0,3.466,0,150,100,5,12,3,3,5,3,4,3,2,1,"9",1,1,1,7,6,5,2.091,1,5,2,3,1,0,6.5,5.30769230769231,3.2
"20","R_2P0dQHFGitfHCtW",4,5,22,1,2,NA,3,NA,1,NA,2,2,2,1,1,13,23,7,3,7,12,3,4,1,1,7,1,4,7,2,1,3,4,7,2,0,1,0,0,0,0,3,2,1,7,6,6,6,5,7,6,2,4,6,5,1,5.625,4.25,100,0,0,1.017,0,0,0,0.617,0,40,40,5,3,3,3,3,4,1,1,1,1,"9",1,1,1,7,7,7,-0.4,1,5,4,1.83333333333333,1,0,7,6.69230769230769,3.8
"21","R_3QXX6IdisobcFGU",5,1,19,1,2,NA,1,NA,1,NA,2,2,1,3,1,123,123,5,3,7,8,4,3,7,1,7,7,1,6,7,7,7,7,7,7,10,4,7,0,0,0,1,5,4,7,7,7,6,6,7,7,1,5,5.4,5.6,-0.199999999999999,5.625,4.33333333333333,100,0,0,10.876,0,0,0,18.259,0,90,90,3,2,4,3,2,2,1,2,2,1,"6",3,1,1,5,5,5,7.383,1,5,4,1.66666666666667,1.66666666666667,1,5,6,3.4
"22","R_1pzgme5AlzW7zW4",5,2,19,1,2,NA,1,NA,1,NA,2,2,1,3,1,123,123,5,3,7,8,4,3,7,1,7,7,1,6,7,7,7,7,7,7,10,4,7,0,0,0,1,5,4,7,7,7,6,6,7,7,1,5,5.4,5.6,-0.199999999999999,5.625,4.33333333333333,100,0,0,4.113,0,0,0,16.624,0,70,70,5,2,7,6,6,4,1,3,2,2,"6",1,1,1,5,5,4,12.511,1,5,4,3,1,0,5,5.92307692307692,3.8
"23","R_2V7UUQCBj6MDJ5d",5,3,19,1,2,NA,1,NA,1,NA,2,2,1,3,1,123,123,5,3,7,8,4,3,7,1,7,7,1,6,7,7,7,7,7,7,10,4,7,0,0,0,1,5,4,7,7,7,6,6,7,7,1,5,5.4,5.6,-0.199999999999999,5.625,4.33333333333333,100,0,0,1.357,0,0,0,12.85,0,100,100,4,23,4,3,3,5,1,4,3,2,"7",1,1,1,6,6,5,11.493,1,5,4,3,1,0,6,6.15384615384615,3.7
"24","R_31FocrvxSyktkYl",5,4,19,1,2,NA,1,NA,1,NA,2,2,1,3,1,123,123,5,3,7,8,4,3,7,1,7,7,1,6,7,7,7,7,7,7,10,4,7,0,0,0,1,5,4,7,7,7,6,6,7,7,1,5,5.4,5.6,-0.199999999999999,5.625,4.33333333333333,100,0,0,1.544,0,0,0,3.146,0,70,70,4,2,4,4,3,4,1,3,3,2,"7",1,1,1,5,6,5,1.602,1,5,4,2.66666666666667,1,0,5.5,5.46153846153846,4
"25","R_2uR7rvvVkLB6L31",5,5,19,1,2,NA,1,NA,1,NA,2,2,1,3,1,123,123,5,3,7,8,4,3,7,1,7,7,1,6,7,7,7,7,7,7,10,4,7,0,0,0,1,5,4,7,7,7,6,6,7,7,1,5,5.4,5.6,-0.199999999999999,5.625,4.33333333333333,100,0,0,1.458,0,0,0,1.088,0,0,0,5,NA,3,2,4,2,1,2,1,1,"8",1,1,1,1,1,5,-0.37,1,5,1,1.83333333333333,1,0,1,3.30769230769231,3.9
"26","R_3nSDH4n0FFfhGyK",6,1,22,1,2,NA,2,NA,1,NA,1,2,2,4,2,123,123,7,4,7,10,4,4,1,1,1,1,1,1,3,3,1,1,1,1,0,0,0,0,0,14,1,2,2,6,5,5,NA,3,3,3,1,5,5.4,5.6,-0.199999999999999,6.125,3.91666666666667,100,0,0,20.672,0,0,0,42.445,0,3.5,3,4,12,5,6,3,5,3,7,5,3,"8",7,7,7,2,2,3,21.773,2,4,5,4.33333333333333,7,1,2,3.07692307692308,1.9
"27","R_yqBDOmJRam4gKA1",6,2,22,1,2,NA,2,NA,1,NA,1,2,2,4,2,123,123,7,4,7,10,4,4,1,1,1,1,1,1,3,3,1,1,1,1,0,0,0,0,0,14,1,2,2,6,5,5,NA,3,3,3,1,5,5.4,5.6,-0.199999999999999,6.125,3.91666666666667,100,0,0,15.96,0,0,0,25.677,0,3.5,3.5,3,12,5,3,3,6,3,6,7,5,"7.5",3,6,3,2,2,3,9.717,1,5,4,5,4,1,2,4.30769230769231,2.1
"28","R_27BfUy6pNYBEA5p",6,3,22,1,2,NA,2,NA,1,NA,1,2,2,4,2,123,123,7,4,7,10,4,4,1,1,1,1,1,1,3,3,1,1,1,1,0,0,0,0,0,14,1,2,2,6,5,5,NA,3,3,3,1,5,5.4,5.6,-0.199999999999999,6.125,3.91666666666667,100,0,0,12.876,0,0,0,22.383,0,4,3,4,123,7,6,6,6,3,6,7,3,"7",7,7,7,3,3,3,9.507,2,4,5,5.16666666666667,7,1,3,4.53846153846154,1.9
"29","R_2e4l77TJ8HbvLx0",6,4,22,1,2,NA,2,NA,1,NA,1,2,2,4,2,123,123,7,4,7,10,4,4,1,1,1,1,1,1,3,3,1,1,1,1,0,0,0,0,0,14,1,2,2,6,5,5,NA,3,3,3,1,5,5.4,5.6,-0.199999999999999,6.125,3.91666666666667,100,0,0,14.299,0,0,0,23.901,0,3.5,1,3,2,7,5,7,3,2,6,7,1,"7",7,7,7,2,2,4,9.602,4,2,4,4.33333333333333,7,1,2,3.61538461538462,2
"30","R_1pzEpd8y3KFXN4C",6,5,22,1,2,NA,2,NA,1,NA,1,2,2,4,2,123,123,7,4,7,10,4,4,1,1,1,1,1,1,3,3,1,1,1,1,0,0,0,0,0,14,1,2,2,6,5,5,NA,3,3,3,1,5,5.4,5.6,-0.199999999999999,6.125,3.91666666666667,100,0,0,9.153,0,0,0,16.82,0,2,1.75,3,1,5,7,5,7,1,7,6,7,"7",5,5,6,3,4,4,7.667,2,4,4,5.5,5.33333333333333,1,3.5,4.23076923076923,2
"31","R_2WVAjq5cg8I3NRT",7,1,22,1,2,NA,2,NA,1,NA,2,2,2,2,1,13,2,6,4,7,8,3,4,7,3,3,3,1,7,2,2,1,3,4,4,12,6,6,0,0,12,1,3,1,5,5,6,4,4,4,4,2,4,5,6,-1,5.625,3.5,100,0,0,9.966,0,0,0,20.359,0,190,190,3,2,7,3,5,5,4,5,6,3,"8",5,3,4,2,2,5,10.393,1,5,3,4.66666666666667,4,1,2,4.15384615384615,2.5
"32","R_PRr9hIkWSoAGjvP",7,2,22,1,2,NA,2,NA,1,NA,2,2,2,2,1,13,2,6,4,7,8,3,4,7,3,3,3,1,7,2,2,1,3,4,4,12,6,6,0,0,12,1,3,1,5,5,6,4,4,4,4,2,4,5,6,-1,5.625,3.5,100,0,0,8.007,0,0,0,11.984,0,150,75,5,2,7,5,5,5,4,5,3,4,"8",4,4,4,3,5,4,3.977,3,3,3,4.33333333333333,4,1,4,4.46153846153846,2.4
"33","R_2fBRKhiISD4EenE",7,3,22,1,2,NA,2,NA,1,NA,2,2,2,2,1,13,2,6,4,7,8,3,4,7,3,3,3,1,7,2,2,1,3,4,4,12,6,6,0,0,12,1,3,1,5,5,6,4,4,4,4,2,4,5,6,-1,5.625,3.5,100,0,0,6.939,0,0,0,9.735,0,255,255,4,2,5,5,5,5,4,5,5,3,"8",3,3,3,5,5,5,2.796,1,5,2,4.5,3,1,5,5.23076923076923,2.6
"34","R_3rYDTlAYLP4cKpg",7,4,22,1,2,NA,2,NA,1,NA,2,2,2,2,1,13,2,6,4,7,8,3,4,7,3,3,3,1,7,2,2,1,3,4,4,12,6,6,0,0,12,1,3,1,5,5,6,4,4,4,4,2,4,5,6,-1,5.625,3.5,100,0,0,8.099,0,0,0,10.468,0,150,120,5,2,5,5,5,6,4,6,6,5,"7.5",4,5,4,5,4,5,2.369,3,3,1,5.33333333333333,4.33333333333333,1,4.5,4,2.4
"35","R_1ClMiBD2apq7IqF",7,5,22,1,2,NA,2,NA,1,NA,2,2,2,2,1,13,2,6,4,7,8,3,4,7,3,3,3,1,7,2,2,1,3,4,4,12,6,6,0,0,12,1,3,1,5,5,6,4,4,4,4,2,4,5,6,-1,5.625,3.5,100,0,0,6.055,0,0,0,7.484,0,120,120,2,1,7,5,5,3,3,5,5,2,"9",1,1,1,5,5,5,1.429,1,5,2,3.83333333333333,1,0,5,5.15384615384615,2.9
"36","R_dnkhGvhN8WDN3dn",8,1,22,1,2,NA,1,NA,3,NA,1,2,2,3,1,13,123,7,4,7,5,4,3,1,1,1,1,1,1,1,1,2,1,1,1,0,0,0,0,0,0,1,1,1,1,1,1,1,3,2,1,1,5,6.2,4.8,1.4,3.875,1.66666666666667,100,17.141,17.141,17.677,1,0,0,22.057,0,2,0,4,2,4,3,3,2,1,1,1,1,"8",1,1,1,2,2,4,4.38,1,5,1,1.5,1,0,2,4.23076923076923,3
"37","R_2OZpSuRTjTZHwuv",8,2,22,1,2,NA,1,NA,3,NA,1,2,2,3,1,13,123,7,4,7,5,4,3,1,1,1,1,1,1,1,1,2,1,1,1,0,0,0,0,0,0,1,1,1,1,1,1,1,3,2,1,1,5,6.2,4.8,1.4,3.875,1.66666666666667,100,0,0,14.213,0,0,0,24.632,0,60,30,4,2,3,4,3,2,2,1,2,3,"8",5,2,5,3,3,4,10.419,3,3,3,2.16666666666667,4,1,3,4.61538461538461,3.3
"38","R_3oAYyYTFQQPUZmb",8,3,22,1,2,NA,1,NA,3,NA,1,2,2,3,1,13,123,7,4,7,5,4,3,1,1,1,1,1,1,1,1,2,1,1,1,0,0,0,0,0,0,1,1,1,1,1,1,1,3,2,1,1,5,6.2,4.8,1.4,3.875,1.66666666666667,100,0,0,9.851,0,0,0,32.383,0,150,75,3,1,4,3,3,2,2,3,4,1,"6",2,1,1,3,5,4,22.532,3,3,2,2.5,1.33333333333333,1,4,5.23076923076923,3.2
"39","R_1IENHMp7ltPu40O",8,4,22,1,2,NA,1,NA,3,NA,1,2,2,3,1,13,123,7,4,7,5,4,3,1,1,1,1,1,1,1,1,2,1,1,1,0,0,0,0,0,0,1,1,1,1,1,1,1,3,2,1,1,5,6.2,4.8,1.4,3.875,1.66666666666667,100,0,0,9.541,0,0,0,22.395,0,85,40,3,2,3,1,2,2,1,1,1,1,"8",5,5,5,1,1,5,12.854,2,4,2,1.33333333333333,5,1,1,3.25,3
"40","R_psiIpTKApg8qoSd",8,5,22,1,2,NA,1,NA,3,NA,1,2,2,3,1,13,123,7,4,7,5,4,3,1,1,1,1,1,1,1,1,2,1,1,1,0,0,0,0,0,0,1,1,1,1,1,1,1,3,2,1,1,5,6.2,4.8,1.4,3.875,1.66666666666667,100,0,0,10.693,0,0,0,23.546,0,0,0,5,NA,3,1,1,1,1,1,1,1,"10.5",1,1,1,1,1,5,12.853,1,5,1,1,1,0,1,NA,3.3
"41","R_3kKYtqJem90nXjy",9,1,22,1,2,NA,2,NA,1,NA,1,2,2,5,1,123,23,5,4,7,7,5,3,2,1,2,1,1,2,3,3,1,4,7,7,0,0,0,0,0,0,1,1,1,7,7,6,6,7,7,7,4,2,6.2,4.8,1.4,5.625,4.91666666666667,100,0,0,16.194,0,0,0,18.857,0,70,10,4,2,3,5,5,5,3,3,3,1,"7",4,4,4,3,3,3,2.663,4,2,5,3.33333333333333,4,1,3,3.23076923076923,2.4
"42","R_2ZNDPMx7WKv4baY",9,2,22,1,2,NA,2,NA,1,NA,1,2,2,5,1,123,23,5,4,7,7,5,3,2,1,2,1,1,2,3,3,1,4,7,7,0,0,0,0,0,0,1,1,1,7,7,6,6,7,7,7,4,2,6.2,4.8,1.4,5.625,4.91666666666667,100,0,0,9.722,0,0,0,13.18,0,205,20,3,23,3,3,5,5,2,5,5,2,"8",2,2,2,2,3,5,3.458,4,2,4,4,2,1,2.5,3.76923076923077,3
"43","R_1GOovqYIYlwNagB",9,3,22,1,2,NA,2,NA,1,NA,1,2,2,5,1,123,23,5,4,7,7,5,3,2,1,2,1,1,2,3,3,1,4,7,7,0,0,0,0,0,0,1,1,1,7,7,6,6,7,7,7,4,2,6.2,4.8,1.4,5.625,4.91666666666667,100,0,0,8.788,0,0,0,16.978,0,105,30,4,23,4,5,5,5,3,5,3,3,"7",3,2,2,2,4,6,8.19,3,3,3,4,2.33333333333333,1,3,4.76923076923077,3.1
"44","R_sF2jolBIpY54V6F",9,4,22,1,2,NA,2,NA,1,NA,1,2,2,5,1,123,23,5,4,7,7,5,3,2,1,2,1,1,2,3,3,1,4,7,7,0,0,0,0,0,0,1,1,1,7,7,6,6,7,7,7,4,2,6.2,4.8,1.4,5.625,4.91666666666667,100,0,0,5.476,0,0,0,20.366,0,205,40,3,23,5,5,5,5,4,5,5,4,"7",3,2,3,4,3,4,14.89,4,2,3,4.66666666666667,2.66666666666667,1,3.5,3.92307692307692,2
"45","R_1laaExv4HE8kISS",9,5,22,1,2,NA,2,NA,1,NA,1,2,2,5,1,123,23,5,4,7,7,5,3,2,1,2,1,1,2,3,3,1,4,7,7,0,0,0,0,0,0,1,1,1,7,7,6,6,7,7,7,4,2,6.2,4.8,1.4,5.625,4.91666666666667,100,0,0,9.767,0,0,0,25.754,0,0,0,5,NA,3,5,5,3,3,3,3,1,"7",2,2,2,3,3,6,15.987,1,5,1,3,2,1,3,NA,2.7
"46","R_2QSvBKR3vrz8Ftg",10,1,19,1,2,NA,3,NA,14,NA,1,2,1,4,2,123,23,4,3,5,7,2,5,6,3,7,6,6,1,6,5,7,7,7,7,0,0,5,0,0,20,2,2,1,6,6,3,7,5,5,7,3,3,8,3,5,6.125,4.41666666666667,100,0,0,24.583,0,0,0,28.458,0,95,30,3,12,5,5,5,5,3,7,3,2,"6",2,3,2,1,2,4,3.875,4,2,2,4.16666666666667,2.33333333333333,1,1.5,3.76923076923077,2.2
"47","R_1n2CNK6h11VQtdK",10,2,19,1,2,NA,3,NA,14,NA,1,2,1,4,2,123,23,4,3,5,7,2,5,6,3,7,6,6,1,6,5,7,7,7,7,0,0,5,0,0,20,2,2,1,6,6,3,7,5,5,7,3,3,8,3,5,6.125,4.41666666666667,100,0,0,2.113,0,0,0,2.465,0,200,60,5,23,7,5,5,4,2,7,3,3,"6",2,2,1,5,4,3,0.352,2,4,2,4,1.66666666666667,1,4.5,4.61538461538461,2.1
"48","R_22RqddsFFE5bDW0",10,3,19,1,2,NA,3,NA,14,NA,1,2,1,4,2,123,23,4,3,5,7,2,5,6,3,7,6,6,1,6,5,7,7,7,7,0,0,5,0,0,20,2,2,1,6,6,3,7,5,5,7,3,3,8,3,5,6.125,4.41666666666667,100,0,0,1.17,0,0,0,0.899,0,195,40,4,2,4,2,2,4,2,5,2,1,"5",2,1,1,6,6,6,-0.271,4,2,2,2.66666666666667,1.33333333333333,1,6,6.07692307692308,2.9
"49","R_3hhx5OjvZtB3Lhm",10,4,19,1,2,NA,3,NA,14,NA,1,2,1,4,2,123,23,4,3,5,7,2,5,6,3,7,6,6,1,6,5,7,7,7,7,0,0,5,0,0,20,2,2,1,6,6,3,7,5,5,7,3,3,8,3,5,6.125,4.41666666666667,100,0,0,1.427,0,0,0,364.443,0,150,40,5,2,5,7,4,5,3,7,5,2,"3",2,2,2,4,5,4,NA,3,3,2,4.33333333333333,2,1,4.5,5.30769230769231,2.3
"50","R_OGNY2AwRUPD3VkZ",10,5,19,1,2,NA,3,NA,14,NA,1,2,1,4,2,123,23,4,3,5,7,2,5,6,3,7,6,6,1,6,5,7,7,7,7,0,0,5,0,0,20,2,2,1,6,6,3,7,5,5,7,3,3,8,3,5,6.125,4.41666666666667,100,0,0,0.71,0,0,0,1.262,0,10,10,5,23,2,5,2,2,2,3,2,1,"7.5",1,1,1,3,2,4,0.552,1,5,1,2,1,0,2.5,4.30769230769231,2.4
"51","R_2arWNTEBURYAXvf",11,1,20,1,2,NA,3,NA,4,NA,1,1,NA,NA,NA,13,12,7,2,7,8,3,4,1,1,1,1,1,1,1,1,1,1,2,2,0,0,0,0,0,0,1,1,1,3,4,2,4,5,1,5,1,5,5,6,-1,5.125,3.25,100,0,0,25.324,0,51.588,51.883,70.677,2,220,220,4,2,1,2,1,1,1,1,2,1,"6.1",2,1,2,3,2,3,45.353,1,5,2,1.16666666666667,1.66666666666667,1,2.5,3.84615384615385,3
"52","R_3CKtFcEjUcVASum",11,2,20,1,2,NA,3,NA,4,NA,1,1,NA,NA,NA,13,12,7,2,7,8,3,4,1,1,1,1,1,1,1,1,1,1,2,2,0,0,0,0,0,0,1,1,1,3,4,2,4,5,1,5,1,5,5,6,-1,5.125,3.25,100,0,0,9.247,0,0,0,18.949,0,240,240,5,2,2,3,1,1,2,1,2,1,"8",2,1,2,4,2,4,9.702,1,5,2,1.33333333333333,1.66666666666667,1,3,3.76923076923077,2.9
"53","R_Rz8jw1N1WLpLurT",11,3,20,1,2,NA,3,NA,4,NA,1,1,NA,NA,NA,13,12,7,2,7,8,3,4,1,1,1,1,1,1,1,1,1,1,2,2,0,0,0,0,0,0,1,1,1,3,4,2,4,5,1,5,1,5,5,6,-1,5.125,3.25,100,0,0,10.3,0,0,0,17.399,0,210,210,4,2,2,3,2,3,2,1,2,1,"6.9",2,3,2,4,3,5,7.099,1,5,4,1.83333333333333,2.33333333333333,1,3.5,4.30769230769231,3.2
"54","R_2xyFFSuKPpSZLYS",11,4,20,1,2,NA,3,NA,4,NA,1,1,NA,NA,NA,13,12,7,2,7,8,3,4,1,1,1,1,1,1,1,1,1,1,2,2,0,0,0,0,0,0,1,1,1,3,4,2,4,5,1,5,1,5,5,6,-1,5.125,3.25,100,0,0,12.113,0,0,0,15.394,0,160,160,4,2,1,3,5,5,1,3,3,3,"7.5",5,2,5,4,3,5,3.281,1,5,4,3.33333333333333,4,1,3.5,4.30769230769231,2.77777777777778
"55","R_2beGxvYI1cso2vD",11,5,20,1,2,NA,3,NA,4,NA,1,1,NA,NA,NA,13,12,7,2,7,8,3,4,1,1,1,1,1,1,1,1,1,1,2,2,0,0,0,0,0,0,1,1,1,3,4,2,4,5,1,5,1,5,5,6,-1,5.125,3.25,100,0,0,8.341,0,0,0,15.732,0,20,20,NA,1,3,3,5,3,1,3,1,2,"7",5,4,5,3,3,3,7.391,1,5,1,2.5,4.66666666666667,1,3,3.92307692307692,2.9
"56","R_2YyaNsXcVneGFml",12,1,20,1,2,NA,3,NA,1,NA,2,2,1,4,1,13,23,6,3,7,8,5,4,1,1,1,1,1,1,1,1,1,1,2,1,3,0,0,0,0,0,1,1,1,1,1,1,1,1,1,1,2,4,3.8,7.2,-3.4,2.25,2.08333333333333,100,0,0,7.789,0,0,0,332.643,0,6,8,4,2,5,3,4,3,3,3,3,1,"7",1,1,1,5,7,6,NA,1,5,4,2.83333333333333,1,0,6,6.5,3.7
"57","R_31AgQFkmL9Tbpiq",12,2,20,1,2,NA,3,NA,1,NA,2,2,1,4,1,13,23,6,3,7,8,5,4,1,1,1,1,1,1,1,1,1,1,2,1,3,0,0,0,0,0,1,1,1,1,1,1,1,1,1,1,2,4,3.8,7.2,-3.4,2.25,2.08333333333333,100,0,0,12.04,0,0,0,14.214,0,560,430,4,23,3,5,5,5,5,3,5,3,"5",1,1,1,6,6,5,2.174,1,5,4,4.33333333333333,1,0,6,6.53846153846154,3.44444444444444
"58","R_28AL5RgKsRvPVmC",12,3,20,1,2,NA,3,NA,1,NA,2,2,1,4,1,13,23,6,3,7,8,5,4,1,1,1,1,1,1,1,1,1,1,2,1,3,0,0,0,0,0,1,1,1,1,1,1,1,1,1,1,2,4,3.8,7.2,-3.4,2.25,2.08333333333333,100,0,0,3.492,0,10.794,10.794,11.336,1,560,560,5,23,5,5,4,4,5,4,3,4,"5",1,1,1,7,7,6,7.844,1,5,4,4,1,0,7,7,3.3
"59","R_2CNRciYQNzeURTh",12,5,20,1,2,NA,3,NA,1,NA,2,2,1,4,1,13,23,6,3,7,8,5,4,1,1,1,1,1,1,1,1,1,1,2,1,3,0,0,0,0,0,1,1,1,1,1,1,1,1,1,1,2,4,3.8,7.2,-3.4,2.25,2.08333333333333,100,0,0,0.762,0,0,0,2.013,0,2,1,5,23,7,5,5,5,5,4,3,1,"7",1,1,1,7,7,3,1.251,4,2,3,3.83333333333333,1,0,7,5.83333333333333,3
"60","R_1irmgQHNh5EMWFf",13,1,21,1,2,NA,4,NA,4,NA,3,1,NA,NA,NA,13,2,4,2.5,7,16,3,4,1,1,1,1,1,1,2,1,1,1,2,1,0,0,0,0,0,0,1,1,1,1,1,1,3,1,1,7,1,5,3.4,7.6,-4.2,1.5,2,100,0,0,11.602,0,0,0,18.773,0,90,0,4,2,3,5,2,3,6,2,1,1,"7.5",1,1,1,4,4,4,7.171,1,5,2,2.5,1,0,4,3.76923076923077,3.3
"61","R_1P5fyE0FSpmMXFp",13,2,21,1,2,NA,4,NA,4,NA,3,1,NA,NA,NA,13,2,4,2.5,7,16,3,4,1,1,1,1,1,1,2,1,1,1,2,1,0,0,0,0,0,0,1,1,1,1,1,1,3,1,1,7,1,5,3.4,7.6,-4.2,1.5,2,100,0,0,12.114,0,0,0,18.641,0,180,5,4,2,2,2,3,3,3,3,4,1,"7",1,1,1,5,5,3,6.527,1,5,1,2.83333333333333,1,0,5,3.46153846153846,3.3
"62","R_2QlEnrqSRjaq1B9",13,3,21,1,2,NA,4,NA,4,NA,3,1,NA,NA,NA,13,2,4,2.5,7,16,3,4,1,1,1,1,1,1,2,1,1,1,2,1,0,0,0,0,0,0,1,1,1,1,1,1,3,1,1,7,1,5,3.4,7.6,-4.2,1.5,2,100,3.302,3.302,9.284,1,0,0,17.885,0,90,7,4,2,4,5,5,3,3,5,3,4,"7",1,1,1,4,4,2,8.601,1,5,2,3.83333333333333,1,0,4,4.30769230769231,3.1
"63","R_2YJ0UpwzMVy3yYq",13,4,21,1,2,NA,4,NA,4,NA,3,1,NA,NA,NA,13,2,4,2.5,7,16,3,4,1,1,1,1,1,1,2,1,1,1,2,1,0,0,0,0,0,0,1,1,1,1,1,1,3,1,1,7,1,5,3.4,7.6,-4.2,1.5,2,100,0,0,8.78,0,0,0,16.05,0,270,10,4,2,2,2,2,2,2,3,1,2,"7",1,1,1,4,3,3,7.27,1,5,3,2,1,0,3.5,3.38461538461538,3.7
"64","R_2WUWZZ1fVTCr7Ek",13,5,21,1,2,NA,4,NA,4,NA,3,1,NA,NA,NA,13,2,4,2.5,7,16,3,4,1,1,1,1,1,1,2,1,1,1,2,1,0,0,0,0,0,0,1,1,1,1,1,1,3,1,1,7,1,5,3.4,7.6,-4.2,1.5,2,100,0,0,11.191,0,0,0,23.628,0,0,0,5,NA,2,3,2,2,2,2,2,3,"7",1,1,1,NA,NA,4,12.437,1,5,1,2.16666666666667,1,0,NA,NA,3.5
"65","R_2VxRrofJqVwvOyy",14,1,20,1,2,NA,1,NA,1,NA,1,1,NA,NA,NA,123,123,6,3.5,7,8,4,3,1,1,1,1,1,7,1,4,1,2,2,1,0,0,0,0,0,0,1,1,1,7,7,3,1,3,2,2,2,4,7.6,3.4,4.2,5.75,3.41666666666667,100,1.578,1.578,18.311,1,2.004,2.004,19.823,1,45,5,3,1,5,5,5,4,3,3,1,2,"8",5,2,4,3,5,5,1.512,4,2,4,3,3.66666666666667,1,4,4.76923076923077,3.1
"66","R_2cqrkBEqB9VpGMw",14,2,20,1,2,NA,1,NA,1,NA,1,1,NA,NA,NA,123,123,6,3.5,7,8,4,3,1,1,1,1,1,7,1,4,1,2,2,1,0,0,0,0,0,0,1,1,1,7,7,3,1,3,2,2,2,4,7.6,3.4,4.2,5.75,3.41666666666667,100,4.597,4.597,17.291,1,0,0,16.944,0,225,110,3,2,5,3,5,3,2,2,1,1,"7",2,1,1,5,5,6,-0.347000000000001,3,3,4,2.33333333333333,1.33333333333333,1,5,5.46153846153846,3.3
"67","R_2Pqj42HPXOdNzHH",14,3,20,1,2,NA,1,NA,1,NA,1,1,NA,NA,NA,123,123,6,3.5,7,8,4,3,1,1,1,1,1,7,1,4,1,2,2,1,0,0,0,0,0,0,1,1,1,7,7,3,1,3,2,2,2,4,7.6,3.4,4.2,5.75,3.41666666666667,100,0,0,12.201,0,0,0,14.04,0,75,0,5,2,5,6,5,4,1,6,3,3,"6",7,7,7,1,4,2,1.839,5,1,1,3.66666666666667,7,1,2.5,4.69230769230769,1.9
"68","R_2uHYHrlhrhyKiyS",14,4,20,1,2,NA,1,NA,1,NA,1,1,NA,NA,NA,123,123,6,3.5,7,8,4,3,1,1,1,1,1,7,1,4,1,2,2,1,0,0,0,0,0,0,1,1,1,7,7,3,1,3,2,2,2,4,7.6,3.4,4.2,5.75,3.41666666666667,100,0,0,11.341,0,0,0,13.419,0,150,120,3,2,2,2,3,2,1,3,1,1,"5.5",1,1,1,6,6,6,2.078,1,5,2,1.83333333333333,1,0,6,6.15384615384615,2.9
"69","R_2aRApBNZe8Iyo2m",14,5,20,1,2,NA,1,NA,1,NA,1,1,NA,NA,NA,123,123,6,3.5,7,8,4,3,1,1,1,1,1,7,1,4,1,2,2,1,0,0,0,0,0,0,1,1,1,7,7,3,1,3,2,2,2,4,7.6,3.4,4.2,5.75,3.41666666666667,100,0,0,8.316,0,0,0,21.072,0,0,0,5,NA,2,1,1,1,1,1,1,1,"7",1,1,1,4,4,6,12.756,1,5,1,1,1,0,4,4,3.2
"70","R_3FWIOY1GMQTThSY",16,1,19,1,2,NA,2,NA,1,NA,1,2,1,5,2,13,23,6,4,7,11,4,3,4,3,3,2,3,5,1,1,2,3,2,4,0,0,0,0,0,0,1,2,3,2,2,6,3,3,3,5,3,3,5,6,-1,5.75,3.66666666666667,100,0,0,18.696,0,0,0,20.565,0,120,100,3,2,5,4,2,4,3,3,2,1,"6",1,1,1,5,5,5,1.869,1,5,3,2.5,1,0,5,4.15384615384615,2.5
"71","R_qKmmv3fuOcfEG8F",16,2,19,1,2,NA,2,NA,1,NA,1,2,1,5,2,13,23,6,4,7,11,4,3,4,3,3,2,3,5,1,1,2,3,2,4,0,0,0,0,0,0,1,2,3,2,2,6,3,3,3,5,3,3,5,6,-1,5.75,3.66666666666667,100,0,0,6.929,0,0,0,20.895,0,70,0,4,2,1,5,2,2,2,3,3,1,"6.75",1,3,1,5,5,5,13.966,1,5,1,2.16666666666667,1.66666666666667,1,5,5.07692307692308,2.6
"72","R_1MVYfvAAdbD8lsb",16,3,19,1,2,NA,2,NA,1,NA,1,2,1,5,2,13,23,6,4,7,11,4,3,4,3,3,2,3,5,1,1,2,3,2,4,0,0,0,0,0,0,1,2,3,2,2,6,3,3,3,5,3,3,5,6,-1,5.75,3.66666666666667,100,0,0,8.948,0,0,0,16.292,0,70,70,3,2,3,2,2,4,2,3,1,1,"7.5",1,1,1,5,5,5,7.344,1,5,3,2.16666666666667,1,0,5,5.30769230769231,2.9
"73","R_2aWxe2NV6QTxUiQ",16,4,19,1,2,NA,2,NA,1,NA,1,2,1,5,2,13,23,6,4,7,11,4,3,4,3,3,2,3,5,1,1,2,3,2,4,0,0,0,0,0,0,1,2,3,2,2,6,3,3,3,5,3,3,5,6,-1,5.75,3.66666666666667,100,0,0,11.058,0,0,0,24.033,0,70,35,3,2,1,2,1,1,1,2,1,1,"6.75",1,1,1,5,4,5,12.975,1,5,4,1.16666666666667,1,0,4.5,4.61538461538461,2.6
"74","R_2wnJLfo46r99ViI",16,5,19,1,2,NA,2,NA,1,NA,1,2,1,5,2,13,23,6,4,7,11,4,3,4,3,3,2,3,5,1,1,2,3,2,4,0,0,0,0,0,0,1,2,3,2,2,6,3,3,3,5,3,3,5,6,-1,5.75,3.66666666666667,100,0,0,13.389,0,0,0,22.114,0,180,90,4,23,2,2,2,3,2,3,2,1,"6.5",1,1,1,2,2,6,8.725,1,5,3,2.16666666666667,1,0,2,4.46153846153846,2.8
"75","R_ub69NuZZ21inGHn",18,1,20,1,2,NA,1,NA,4,NA,1,1,NA,NA,NA,123,123,5,2,7,6,3,4,4,2,3,1,1,5,1,1,1,4,4,5,0,0,0,0,0,0,1,4,1,5,3,3,5,5,3,4,4,2,6.4,4.6,1.8,5.875,3.83333333333333,100,0,0,10.787,0,0,0,17.668,0,50,50,5,23,5,5,6,7,1,4,1,1,"5",2,2,1,4,5,3,6.881,5,1,1,3.33333333333333,1.66666666666667,1,4.5,4.84615384615385,1.9
"76","R_1pVXKYpZ7oEcPHc",18,2,20,1,2,NA,1,NA,4,NA,1,1,NA,NA,NA,123,123,5,2,7,6,3,4,4,2,3,1,1,5,1,1,1,4,4,5,0,0,0,0,0,0,1,4,1,5,3,3,5,5,3,4,4,2,6.4,4.6,1.8,5.875,3.83333333333333,100,7.578,7.578,8.99,1,0,0,16.221,0,70,100,4,12,4,4,3,3,1,4,1,1,"4",2,1,1,6,7,7,7.231,3,3,3,2.16666666666667,1.33333333333333,1,6.5,5.07692307692308,3.3
"77","R_agyOgJizZC3Ytb3",18,4,20,1,2,NA,1,NA,4,NA,1,1,NA,NA,NA,123,123,5,2,7,6,3,4,4,2,3,1,1,5,1,1,1,4,4,5,0,0,0,0,0,0,1,4,1,5,3,3,5,5,3,4,4,2,6.4,4.6,1.8,5.875,3.83333333333333,100,0,0,5.914,0,0,0,14.775,0,50,50,5,2,4,5,3,2,1,3,1,1,"12",1,1,1,5,3,4,8.861,5,1,1,1.83333333333333,1,0,4,4.84615384615385,2.8
"78","R_pm8P1nvZppyLa01",18,3,20,1,2,NA,1,NA,4,NA,1,1,NA,NA,NA,123,123,5,2,7,6,3,4,4,2,3,1,1,5,1,1,1,4,4,5,0,0,0,0,0,0,1,4,1,5,3,3,5,5,3,4,4,2,6.4,4.6,1.8,5.875,3.83333333333333,100,0,0,6.357,0,0,0,11.354,0,260,260,5,12,5,5,7,2,1,2,1,1,"2",1,1,1,6,5,6,4.997,5,1,1,2.33333333333333,1,0,5.5,3.83333333333333,3.6
"79","R_2t0gkeFQDITDIyt",19,1,20,1,2,NA,1,NA,1,NA,1,1,NA,NA,NA,123,123,6,4,7,8,2,3,1,1,1,1,1,3,1,1,1,2,3,1,0,0,0,0,0,0,1,2,2,1,4,2,1,3,3,2,1,5,3.6,7.4,-3.8,3.875,3.08333333333333,100,0,0,15.028,0,0,0,16.135,0,300,180,3,23,3,2,2,3,1,2,3,5,"7",4,3,5,6,6,5,1.107,3,3,2,2.66666666666667,4,1,6,4.69230769230769,2.1
"80","R_u9SeMpaqDW8darD",19,2,20,1,2,NA,1,NA,1,NA,1,1,NA,NA,NA,123,123,6,4,7,8,2,3,1,1,1,1,1,3,1,1,1,2,3,1,0,0,0,0,0,0,1,2,2,1,4,2,1,3,3,2,1,5,3.6,7.4,-3.8,3.875,3.08333333333333,100,0,0,10.912,0,0,0,14.456,0,135,75,3,2,4,3,3,4,3,3,1,1,"6",2,3,2,4,5,5,3.544,1,5,2,2.5,2.33333333333333,1,4.5,5.46153846153846,3.6
"81","R_3qyPSLsVM5xkGd8",19,3,20,1,2,NA,1,NA,1,NA,1,1,NA,NA,NA,123,123,6,4,7,8,2,3,1,1,1,1,1,3,1,1,1,2,3,1,0,0,0,0,0,0,1,2,2,1,4,2,1,3,3,2,1,5,3.6,7.4,-3.8,3.875,3.08333333333333,100,0,0,10.027,0,0,0,12.9,0,3,75,3,12,5,3,4,4,1,3,5,5,"6",2,2,1,6,5,3,2.873,3,3,1,3.66666666666667,1.66666666666667,1,5.5,5.46153846153846,2.5
"82","R_25XuT7jEdUaJepC",19,4,20,1,2,NA,1,NA,1,NA,1,1,NA,NA,NA,123,123,6,4,7,8,2,3,1,1,1,1,1,3,1,1,1,2,3,1,0,0,0,0,0,0,1,2,2,1,4,2,1,3,3,2,1,5,3.6,7.4,-3.8,3.875,3.08333333333333,100,0,0,9.278,0,0,0,15.154,0,150,75,4,2,5,5,4,4,3,3,5,4,"6",5,3,5,2,3,3,5.876,1,5,1,3.83333333333333,4.33333333333333,1,2.5,4.61538461538461,3.1
"83","R_3JgYXgP0CBnZslU",19,5,20,1,2,NA,1,NA,1,NA,1,1,NA,NA,NA,123,123,6,4,7,8,2,3,1,1,1,1,1,3,1,1,1,2,3,1,0,0,0,0,0,0,1,2,2,1,4,2,1,3,3,2,1,5,3.6,7.4,-3.8,3.875,3.08333333333333,100,0,0,9.611,0,0,0,13.027,0,120,120,3,2,3,2,3,1,2,1,3,1,"7",2,1,3,6,7,5,3.416,1,5,1,1.83333333333333,2,1,6.5,5.61538461538461,2.6
"84","R_1jVXJoMcBTxUR99",20,4,19,1,2,NA,2,NA,4,NA,2,1,NA,NA,NA,123,123,6,6,7,8,3,5,1,1,1,1,1,1,1,1,1,1,1,1,0,0,0,0,0,0,1,1,1,1,1,1,5,1,3,1,1,5,3.6,7.4,-3.8,3.125,2.58333333333333,100,0,0,17.479,0,0,0,33.604,0,240,300,5,123,6,4,5,5,5,4,7,5,"7",3,2,2,5,5,4,16.125,4,2,3,5.16666666666667,2.33333333333333,1,5,4.46153846153846,2.66666666666667
"85","R_3ikGIxXfN9GPs1a",21,1,18,1,2,NA,1,NA,4,NA,2,2,1,4,1,123,2,5,2.5,7,10,3,4,2,1,1,1,2,2,1,1,1,1,3,1,0,0,0,0,0,0,1,1,1,3,4,1,1,1,5,4,2,4,4.4,6.6,-2.2,5.625,3.75,100,0,0,19.657,0,0,0,49.836,0,330,30,5,2,5,6,3,3,2,4,3,1,"7",1,1,1,5,5,4,30.179,4,2,2,2.66666666666667,1,0,5,4.76923076923077,2.4
"86","R_x6jmC6CFgluQXi9",21,2,18,1,2,NA,1,NA,4,NA,2,2,1,4,1,123,2,5,2.5,7,10,3,4,2,1,1,1,2,2,1,1,1,1,3,1,0,0,0,0,0,0,1,1,1,3,4,1,1,1,5,4,2,4,4.4,6.6,-2.2,5.625,3.75,100,0,0,18.996,0,0,0,19.098,0,540,150,4,2,3,2,3,1,3,3,1,1,"2",2,3,2,6,7,4,0.102,4,2,4,2,2.33333333333333,1,6.5,4.30769230769231,2.8
"87","R_3rIINXuBn5BAnrK",21,3,18,1,2,NA,1,NA,4,NA,2,2,1,4,1,123,2,5,2.5,7,10,3,4,2,1,1,1,2,2,1,1,1,1,3,1,0,0,0,0,0,0,1,1,1,3,4,1,1,1,5,4,2,4,4.4,6.6,-2.2,5.625,3.75,100,0,0,11.528,0,0,0,19.678,0,150,40,5,2,3,3,1,3,3,2,1,1,"7",3,2,2,5,6,5,8.15,4,2,3,1.83333333333333,2.33333333333333,1,5.5,5.23076923076923,2.1
"88","R_3qmoS8jUC3PQdds",21,4,18,1,2,NA,1,NA,4,NA,2,2,1,4,1,123,2,5,2.5,7,10,3,4,2,1,1,1,2,2,1,1,1,1,3,1,0,0,0,0,0,0,1,1,1,3,4,1,1,1,5,4,2,4,4.4,6.6,-2.2,5.625,3.75,100,0,0,11.767,0,0,0,16.657,0,80,0,5,2,3,1,1,3,2,3,3,1,"7",2,1,2,6,7,2,4.89,5,1,1,2.16666666666667,1.66666666666667,1,6.5,4.69230769230769,2
"89","R_XMRWPMZF731HfYl",21,5,18,1,2,NA,1,NA,4,NA,2,2,1,4,1,123,2,5,2.5,7,10,3,4,2,1,1,1,2,2,1,1,1,1,3,1,0,0,0,0,0,0,1,1,1,3,4,1,1,1,5,4,2,4,4.4,6.6,-2.2,5.625,3.75,100,0,0,7.318,0,0,0,20.853,0,75,55,5,2,3,1,2,1,2,2,1,2,"7",3,2,2,6,6,4,13.535,2,4,3,1.66666666666667,2.33333333333333,1,6,5.07692307692308,2.8
"90","R_2eUxMRviZkjo5Rl",22,1,20,1,2,NA,7,NA,1,NA,1,2,1,3,2,123,23,7,7,7,9,2,4,7,5,5,5,4,7,7,6,7,7,7,7,2,2,2,2,0,0,3,6,6,7,7,5,7,7,5,5,2,4,6.4,4.6,1.8,5.125,4.33333333333333,100,0,0,18.33,0,0,0,24.701,0,300,150,5,23,5,5,5,4,1,3,2,1,"7",2,1,1,6,6,5,6.371,2,4,2,2.66666666666667,1.33333333333333,1,6,6,2.3
"91","R_1XjaLo3ENK8bXAB",22,2,20,1,2,NA,7,NA,1,NA,1,2,1,3,2,123,23,7,7,7,9,2,4,7,5,5,5,4,7,7,6,7,7,7,7,2,2,2,2,0,0,3,6,6,7,7,5,7,7,5,5,2,4,6.4,4.6,1.8,5.125,4.33333333333333,100,0,0,10.358,0,0,0,17.293,0,255,100,5,2,2,2,2,2,1,3,2,1,"7.5",1,1,1,7,6,6,6.935,3,3,1,1.83333333333333,1,0,6.5,6.15384615384615,2.9
"92","R_Dq0tutCTujjNCaB",22,3,20,1,2,NA,7,NA,1,NA,1,2,1,3,2,123,23,7,7,7,9,2,4,7,5,5,5,4,7,7,6,7,7,7,7,2,2,2,2,0,0,3,6,6,7,7,5,7,7,5,5,2,4,6.4,4.6,1.8,5.125,4.33333333333333,100,0,0,15.89,0,0,0,15.6,0,210,190,4,2,1,2,2,3,1,1,1,2,"7.5",1,1,1,6,6,6,-0.290000000000001,2,4,2,1.66666666666667,1,0,6,6.61538461538461,2.9
"93","R_3p4MXBGW4UXkqjJ",23,1,19,1,2,NA,2,NA,1,NA,1,2,2,25,1,123,123,7,8,7,14,2,4,1,1,1,1,1,5,1,1,1,2,1,2,0,0,0,0,0,0,2,2,5,1,1,1,3,3,4,4,1,5,5,6,-1,5.5,3.83333333333333,100,0,0,17.949,0,0,0,21.416,0,460,800,5,12,6,6,6,6,4,5,7,2,"4",1,1,1,3,3,3,3.467,1,5,1,5,1,0,3,4.76923076923077,2.3
"94","R_3CAUBLeQccoYmCf",23,2,19,1,2,NA,2,NA,1,NA,1,2,2,25,1,123,123,7,8,7,14,2,4,1,1,1,1,1,5,1,1,1,2,1,2,0,0,0,0,0,0,2,2,5,1,1,1,3,3,4,4,1,5,5,6,-1,5.5,3.83333333333333,100,3.025,3.025,13.454,1,0,0,15.281,0,180,180,5,12,4,5,5,4,5,5,7,3,"5",1,1,1,5,5,3,1.827,1,5,1,4.83333333333333,1,0,5,4.53846153846154,2.1
"95","R_7TZK8QUkiYMYXL3",23,4,19,1,2,NA,2,NA,1,NA,1,2,2,25,1,123,123,7,8,7,14,2,4,1,1,1,1,1,5,1,1,1,2,1,2,0,0,0,0,0,0,2,2,5,1,1,1,3,3,4,4,1,5,5,6,-1,5.5,3.83333333333333,100,0,0,8.82,0,0,0,16.449,0,160,160,4,2,3,3,4,3,3,3,4,2,"7",1,1,1,6,6,4,7.629,1,5,1,3.16666666666667,1,0,6,6,2.9
"96","R_1eIRWdYbxsB3nYK",23,3,19,1,2,NA,2,NA,1,NA,1,2,2,25,1,123,123,7,8,7,14,2,4,1,1,1,1,1,5,1,1,1,2,1,2,0,0,0,0,0,0,2,2,5,1,1,1,3,3,4,4,1,5,5,6,-1,5.5,3.83333333333333,100,0,0,10.787,0,0,0,16.026,0,150,150,4,2,5,4,5,5,5,5,5,3,"4",1,1,1,4,4,5,5.239,1,5,1,4.66666666666667,1,0,4,4.53846153846154,4
"97","R_sXWEOvZ8A3xzSkF",23,5,19,1,2,NA,2,NA,1,NA,1,2,2,25,1,123,123,7,8,7,14,2,4,1,1,1,1,1,5,1,1,1,2,1,2,0,0,0,0,0,0,2,2,5,1,1,1,3,3,4,4,1,5,5,6,-1,5.5,3.83333333333333,100,0,0,8.928,0,0,0,16.084,0,0,NA,NA,NA,3,1,3,3,2,2,2,1,"8",NA,NA,NA,NA,NA,7,7.156,NA,NA,NA,2.16666666666667,NA,NA,NA,NA,4
"98","R_2wnQh0FuadAreAN",24,1,19,1,2,NA,1,NA,2,NA,1,2,1,3,2,13,23,5,7,13,10,1,4,2,2,2,2,2,7,7,2,2,7,7,7,20,10,10,0,0,0,7,4,4,6,6,7,7,7,4,2,4,2,5.8,5.2,0.6,3.625,3.33333333333333,100,0,0,1.575,0,0,0,194.229,0,120,20,5,2,4,5,6,4,4,4,4,3,"8",4,4,4,3,5,3,NA,3,3,1,4.16666666666667,4,1,4,3.75,2.3
"99","R_3LiElNZdtDniBuj",24,2,19,1,2,NA,1,NA,2,NA,1,2,1,3,2,13,23,5,7,13,10,1,4,2,2,2,2,2,7,7,2,2,7,7,7,20,10,10,0,0,0,7,4,4,6,6,7,7,7,4,2,4,2,5.8,5.2,0.6,3.625,3.33333333333333,100,0,0,1.931,0,0,0,35.4,0,90,20,5,2,4,4,4,4,4,4,4,4,"5",4,4,3,3,3,4,33.469,4,2,1,4,3.66666666666667,1,3,4.46153846153846,2
"100","R_2B4JzdodAI4R7um",24,3,19,1,2,NA,1,NA,2,NA,1,2,1,3,2,13,23,5,7,13,10,1,4,2,2,2,2,2,7,7,2,2,7,7,7,20,10,10,0,0,0,7,4,4,6,6,7,7,7,4,2,4,2,5.8,5.2,0.6,3.625,3.33333333333333,100,0,0,1.746,0,0,0,0.913,0,120,60,4,2,3,4,4,4,4,3,1,1,"4",2,4,3,4,4,4,-0.833,3,3,2,2.83333333333333,3,1,4,4.69230769230769,2.8
"101","R_1o6cSI9VuhgMapt",24,4,19,1,2,NA,1,NA,2,NA,1,2,1,3,2,13,23,5,7,13,10,1,4,2,2,2,2,2,7,7,2,2,7,7,7,20,10,10,0,0,0,7,4,4,6,6,7,7,7,4,2,4,2,5.8,5.2,0.6,3.625,3.33333333333333,100,0,0,0.749,0,0,0,0.528,0,75,0,5,2,1,1,1,1,1,1,1,1,"7",3,3,3,4,4,4,-0.221,5,1,1,1,3,1,4,4.92307692307692,2.5
"102","R_2QF1XC6DHYR5CP2",24,5,19,1,2,NA,1,NA,2,NA,1,2,1,3,2,13,23,5,7,13,10,1,4,2,2,2,2,2,7,7,2,2,7,7,7,20,10,10,0,0,0,7,4,4,6,6,7,7,7,4,2,4,2,5.8,5.2,0.6,3.625,3.33333333333333,100,0,0,0.654,0,0,0,0.853,0,60,0,5,2,4,4,4,3,3,3,3,4,"7",4,1,3,3,3,4,0.199,5,1,1,3.33333333333333,2.66666666666667,1,3,4.23076923076923,2.4
"103","R_30od2VrHfxK7wNp",25,1,21,1,3,NA,7,NA,1,NA,1,2,1,3,2,123,23,6,7.5,7,14,4,4,3,1,3,2,1,6,1,2,3,7,6,7,10,0,5,0,0,7,1,5,1,2,4,7,2,7,6,6,1,5,6,5,1,5.125,4.33333333333333,100,0,0,16.263,0,0,0,24.094,0,330,330,4,2,6,6,5,6,3,6,1,1,"7.5",6,6,6,2,3,3,7.831,1,5,5,3.66666666666667,6,1,2.5,3.07692307692308,2.1
"104","R_SZQT7kKAAI9sEDL",25,2,21,1,3,NA,7,NA,1,NA,1,2,1,3,2,123,23,6,7.5,7,14,4,4,3,1,3,2,1,6,1,2,3,7,6,7,10,0,5,0,0,7,1,5,1,2,4,7,2,7,6,6,1,5,6,5,1,5.125,4.33333333333333,100,0,0,12.513,0,0,0,24.878,0,600,600,4,23,6,5,6,6,3,4,5,4,"7.5",7,5,7,2,2,1,12.365,1,5,4,4.66666666666667,6.33333333333333,1,2,2.38461538461538,1.7
"105","R_1lxAgeaDPcX9pYz",25,3,21,1,3,NA,7,NA,1,NA,1,2,1,3,2,123,23,6,7.5,7,14,4,4,3,1,3,2,1,6,1,2,3,7,6,7,10,0,5,0,0,7,1,5,1,2,4,7,2,7,6,6,1,5,6,5,1,5.125,4.33333333333333,100,0,0,16.579,0,0,0,21.871,0,480,480,5,2,5,6,5,6,1,7,3,3,"6.5",7,7,7,2,3,6,5.292,1,5,5,4.16666666666667,7,1,2.5,3.38461538461538,2.8
"106","R_2wFAUY6XDCvFMDD",25,4,21,1,3,NA,7,NA,1,NA,1,2,1,3,2,123,23,6,7.5,7,14,4,4,3,1,3,2,1,6,1,2,3,7,6,7,10,0,5,0,0,7,1,5,1,2,4,7,2,7,6,6,1,5,6,5,1,5.125,4.33333333333333,100,0,0,11.196,0,0,0,20.31,0,240,240,5,123,7,6,6,5,1,7,6,6,"8",7,7,7,2,2,2,9.114,1,5,4,5.16666666666667,7,1,2,2.23076923076923,1.8
"107","R_2xQ1ohqZmmGnh3p",25,5,21,1,3,NA,7,NA,1,NA,1,2,1,3,2,123,23,6,7.5,7,14,4,4,3,1,3,2,1,6,1,2,3,7,6,7,10,0,5,0,0,7,1,5,1,2,4,7,2,7,6,6,1,5,6,5,1,5.125,4.33333333333333,100,0,0,13.146,0,0,0,26.773,0,180,180,4,2,4,4,3,2,1,5,2,2,"8",3,3,3,4,4,6,13.627,1,5,5,2.5,3,1,4,3.92307692307692,3.1
"108","R_1otdc73SrzzSmc6",26,1,20,1,2,NA,1,NA,24,NA,2,2,1,3,2,123,2,5,12,7,16,4,4,6,1,3,4,5,7,1,1,1,7,7,7,NA,NA,NA,NA,NA,NA,1,6,3,7,7,5,7,7,7,5,2,4,7.8,3.2,4.6,4.5,4.16666666666667,100,0,0,8.031,0,0,0,9.4,0,NA,90,5,23,3,5,3,4,1,1,3,2,"5",1,1,1,5,3,5,1.369,3,3,3,2.33333333333333,1,0,4,5.15384615384615,2.6
"109","R_2V1mg5hlu00tXep",26,2,20,1,2,NA,1,NA,24,NA,2,2,1,3,2,123,2,5,12,7,16,4,4,6,1,3,4,5,7,1,1,1,7,7,7,NA,NA,NA,NA,NA,NA,1,6,3,7,7,5,7,7,7,5,2,4,7.8,3.2,4.6,4.5,4.16666666666667,100,0,0,7.559,0,0,0,7.088,0,NA,300,5,2,3,2,3,1,1,1,3,1,"6.25",1,1,1,3,3,4,-0.471,3,3,3,1.66666666666667,1,0,3,5.15384615384615,2.6
"110","R_bfGGCeJDunJXSXT",26,3,20,1,2,NA,1,NA,24,NA,2,2,1,3,2,123,2,5,12,7,16,4,4,6,1,3,4,5,7,1,1,1,7,7,7,NA,NA,NA,NA,NA,NA,1,6,3,7,7,5,7,7,7,5,2,4,7.8,3.2,4.6,4.5,4.16666666666667,100,0,0,6.639,0,0,0,8.059,0,NA,300,5,2,5,3,4,3,3,3,4,3,"8.5",1,1,1,4,4,3,1.42,1,5,3,3.33333333333333,1,0,4,4.84615384615385,2.88888888888889
"111","R_2ruNDAe5EBMKRPK",26,4,20,1,2,NA,1,NA,24,NA,2,2,1,3,2,123,2,5,12,7,16,4,4,6,1,3,4,5,7,1,1,1,7,7,7,NA,NA,NA,NA,NA,NA,1,6,3,7,7,5,7,7,7,5,2,4,7.8,3.2,4.6,4.5,4.16666666666667,100,0,0,5.561,0,0,0,7.8,0,NA,300,5,2,3,3,3,2,2,2,3,2,"5.5",1,1,1,1,1,5,2.239,2,4,2,2.33333333333333,1,0,1,5.23076923076923,3
"112","R_2v19My4vXCCRGgc",26,5,20,1,2,NA,1,NA,24,NA,2,2,1,3,2,123,2,5,12,7,16,4,4,6,1,3,4,5,7,1,1,1,7,7,7,NA,NA,NA,NA,NA,NA,1,6,3,7,7,5,7,7,7,5,2,4,7.8,3.2,4.6,4.5,4.16666666666667,100,0,0,6.423,0,0,0,7.699,0,0,0,5,NA,4,4,7,3,2,2,4,1,"7",1,1,1,1,1,3,1.276,1,5,1,3.16666666666667,1,0,1,NA,3
"113","R_bBm6GnxIrnynBaF",28,1,21,1,2,NA,1,NA,3,NA,2,1,NA,NA,NA,123,23,5,5,7,7,1,4,2,1,2,1,1,3,1,2,1,2,3,2,3,2,1,0,0,1,1,3,1,3,5,2,2,4,5,6,4,2,5.2,5.8,-0.6,4.375,3.33333333333333,100,0,0,18.616,0,0,0,23.168,0,180,NA,4,2,2,5,4,4,3,3,6,2,"6",4,2,4,3,2,5,4.552,5,1,1,3.66666666666667,3.33333333333333,1,2.5,5,2.1
"114","R_zT2aa7F77b4OV45",28,2,21,1,2,NA,1,NA,3,NA,2,1,NA,NA,NA,123,23,5,5,7,7,1,4,2,1,2,1,1,3,1,2,1,2,3,2,3,2,1,0,0,1,1,3,1,3,5,2,2,4,5,6,4,2,5.2,5.8,-0.6,4.375,3.33333333333333,100,0,0,10.089,0,0,0,7.044,0,5,NA,5,2,6,5,5,6,4,5,4,2,"5",5,5,5,6,4,4,-3.045,4,2,1,4.33333333333333,5,1,5,5.15384615384615,2.8
"115","R_1jP2p1WMYgI8XQi",28,3,21,1,2,NA,1,NA,3,NA,2,1,NA,NA,NA,123,23,5,5,7,7,1,4,2,1,2,1,1,3,1,2,1,2,3,2,3,2,1,0,0,1,1,3,1,3,5,2,2,4,5,6,4,2,5.2,5.8,-0.6,4.375,3.33333333333333,100,0,0,6.549,0,0,0,13.668,0,5,NA,5,2,6,6,5,6,4,6,4,2,"5",5,5,5,6,6,4,7.119,5,1,1,4.5,5,1,6,5.46153846153846,2.5
"116","R_sjuvZzPkVkaq6s1",28,4,21,1,2,NA,1,NA,3,NA,2,1,NA,NA,NA,123,23,5,5,7,7,1,4,2,1,2,1,1,3,1,2,1,2,3,2,3,2,1,0,0,1,1,3,1,3,5,2,2,4,5,6,4,2,5.2,5.8,-0.6,4.375,3.33333333333333,100,0,0,13.709,0,0,0,16.839,0,180,NA,4,2,5,4,5,4,4,5,4,2,"5.5",3,2,2,5,6,6,3.13,3,3,2,4,2.33333333333333,1,5.5,5.61538461538461,2.9
"117","R_2dFMQOwNifOzIvn",28,5,21,1,2,NA,1,NA,3,NA,2,1,NA,NA,NA,123,23,5,5,7,7,1,4,2,1,2,1,1,3,1,2,1,2,3,2,3,2,1,0,0,1,1,3,1,3,5,2,2,4,5,6,4,2,5.2,5.8,-0.6,4.375,3.33333333333333,100,0,0,5.284,0,0,0,6.453,0,180,NA,3,2,3,3,2,2,3,3,2,1,"5",3,1,1,6,6,7,1.169,3,3,1,2.16666666666667,1.66666666666667,1,6,5.69230769230769,3.4
"118","R_1DOuv7BfWquhTI6",29,1,19,1,2,NA,2,NA,1,NA,1,2,2,50,2,13,23,5,4,7,8,3,4,4,5,2,1,6,7,4,4,2,4,6,7,0,0,0,0,0,4,2,4,4,7,7,7,7,7,4,7,2,4,7.8,3.2,4.6,5.875,4.66666666666667,100,0,0,15.992,0,0,0,24.164,0,45,45,5,3,5,5,5,6,6,6,1,1,"12",5,4,6,7,7,2,8.172,1,5,4,4.16666666666667,5,1,7,2.92307692307692,2.5
"119","R_1K7IIE66Eho6gJY",29,4,19,1,2,NA,2,NA,1,NA,1,2,2,50,2,13,23,5,4,7,8,3,4,4,5,2,1,6,7,4,4,2,4,6,7,0,0,0,0,0,4,2,4,4,7,7,7,7,7,4,7,2,4,7.8,3.2,4.6,5.875,4.66666666666667,100,0,0,12.951,0,0,0,20.514,0,90,90,4,2,3,5,2,5,5,4,1,1,"8",3,3,5,5,6,5,7.563,5,1,3,3,3.66666666666667,1,5.5,3.76923076923077,2.7
"120","R_yjCNsTFqBtDQ6J3",30,1,56,1,2,NA,1,NA,1,NA,2,2,2,8,1,123,123,7,5,7,9,4,4,2,1,2,2,1,3,2,6,6,7,7,7,14,14,14,0,0,0,1,4,4,4,5,3,7,7,7,7,2,4,4.6,6.4,-1.8,4.5,3.91666666666667,100,0,0,16.742,0,0,0,22.376,0,165,165,4,23,3,3,2,2,2,3,3,1,"6.75",1,1,1,6,6,4,5.634,1,5,2,2.16666666666667,1,0,6,5,3.4
"121","R_2SGBHPX6gzbBZqh",30,2,56,1,2,NA,1,NA,1,NA,2,2,2,8,1,123,123,7,5,7,9,4,4,2,1,2,2,1,3,2,6,6,7,7,7,14,14,14,0,0,0,1,4,4,4,5,3,7,7,7,7,2,4,4.6,6.4,-1.8,4.5,3.91666666666667,100,0,0,9.978,0,0,0,16.93,0,270,270,4,2,3,3,3,2,2,3,2,1,"7.75",2,2,2,5,5,5,6.952,1,5,2,2.16666666666667,2,1,5,5.84615384615385,3.1
"122","R_1pnjOUyRxOQbHgG",30,3,56,1,2,NA,1,NA,1,NA,2,2,2,8,1,123,123,7,5,7,9,4,4,2,1,2,2,1,3,2,6,6,7,7,7,14,14,14,0,0,0,1,4,4,4,5,3,7,7,7,7,2,4,4.6,6.4,-1.8,4.5,3.91666666666667,100,0,0,8.497,0,0,0,16.637,0,85,85,4,2,2,3,2,2,2,1,2,1,"6.5",1,1,1,7,6,6,8.14,1,5,2,1.66666666666667,1,0,6.5,5.91666666666667,3.4
"123","R_22Jv1rWmyNMb3aq",30,4,56,1,2,NA,1,NA,1,NA,2,2,2,8,1,123,123,7,5,7,9,4,4,2,1,2,2,1,3,2,6,6,7,7,7,14,14,14,0,0,0,1,4,4,4,5,3,7,7,7,7,2,4,4.6,6.4,-1.8,4.5,3.91666666666667,100,0,0,12.697,0,0,0,18.86,0,180,180,4,2,3,3,2,2,1,2,2,1,"8",1,2,1,6,6,6,6.163,1,5,2,1.66666666666667,1.33333333333333,1,6,6.07692307692308,3.5
"124","R_1MRpSAisE5C0zwz",30,5,56,1,2,NA,1,NA,1,NA,2,2,2,8,1,123,123,7,5,7,9,4,4,2,1,2,2,1,3,2,6,6,7,7,7,14,14,14,0,0,0,1,4,4,4,5,3,7,7,7,7,2,4,4.6,6.4,-1.8,4.5,3.91666666666667,100,0,0,8.785,0,20.84,20.84,21.387,1,0,0,5,NA,3,2,1,1,1,1,1,1,"7.25",1,1,1,1,1,6,12.602,1,5,1,1,1,0,1,3.30769230769231,3.5
"125","R_1IaZGYS1qgvEgf8",31,1,19,1,2,NA,2,NA,1,NA,1,2,2,30,1,123,23,4,4,7,7,4,4,1,1,1,1,1,1,1,3,1,1,1,1,0,0,0,0,0,0,1,1,1,5,6,4,6,6,6,6,2,4,4,7,-3,5.625,4.16666666666667,100,0,0,11.555,0,0,0,23.044,0,170,100,4,2,7,6,6,7,6,5,6,5,"7",4,5,4,3,4,2,11.489,1,5,3,5.83333333333333,4.33333333333333,1,3.5,4.38461538461539,1.7
"126","R_1DBbBKUuuc88Jg8",31,2,19,1,2,NA,2,NA,1,NA,1,2,2,30,1,123,23,4,4,7,7,4,4,1,1,1,1,1,1,1,3,1,1,1,1,0,0,0,0,0,0,1,1,1,5,6,4,6,6,6,6,2,4,4,7,-3,5.625,4.16666666666667,100,0,0,11.217,0,0,0,24.249,0,360,100,3,2,5,6,5,5,6,6,4,4,"8",5,5,6,5,6,4,13.032,4,2,3,5,5.33333333333333,1,5.5,5.30769230769231,2
"127","R_1mfTrF96iXzKP4n",31,3,19,1,2,NA,2,NA,1,NA,1,2,2,30,1,123,23,4,4,7,7,4,4,1,1,1,1,1,1,1,3,1,1,1,1,0,0,0,0,0,0,1,1,1,5,6,4,6,6,6,6,2,4,4,7,-3,5.625,4.16666666666667,100,0,0,13.42,0,0,0,15.828,0,70,40,4,2,3,4,3,3,4,3,4,1,"9",2,4,2,6,6,5,2.408,2,4,2,3,2.66666666666667,1,6,6.53846153846154,2.8
"128","R_3Lc09gYRPYjyF71",31,4,19,1,2,NA,2,NA,1,NA,1,2,2,30,1,123,23,4,4,7,7,4,4,1,1,1,1,1,1,1,3,1,1,1,1,0,0,0,0,0,0,1,1,1,5,6,4,6,6,6,6,2,4,4,7,-3,5.625,4.16666666666667,100,0,0,9.892,0,0,0,25.971,0,300,170,3,2,6,6,7,5,6,7,6,4,"7.5",5,5,5,4,4,2,16.079,3,3,4,5.83333333333333,5,1,4,4.61538461538461,2.7
"129","R_s7fE5IF1zoAyW4x",31,5,19,1,2,NA,2,NA,1,NA,1,2,2,30,1,123,23,4,4,7,7,4,4,1,1,1,1,1,1,1,3,1,1,1,1,0,0,0,0,0,0,1,1,1,5,6,4,6,6,6,6,2,4,4,7,-3,5.625,4.16666666666667,100,0,0,8.024,0,0,0,15.471,0,0,0,5,NA,2,3,3,3,2,2,1,1,"8.5",4,4,4,4,4,6,7.447,1,5,1,2,4,1,4,4,3.2
"130","R_ugo1g2GZL8dQvHr",32,1,22,1,2,NA,1,NA,1,NA,4,2,1,3,1,13,23,5,4,7,7,3,3,3,1,2,2,3,7,2,1,2,7,3,7,2,1,0,0,0,3,2,2,1,5,4,6,3,3,4,3,1,5,8,3,5,5.875,3.16666666666667,100,0,0,17.149,0,0,0,24.81,0,4.5,180,4,2,6,2,3,2,1,2,1,1,"7",2,5,2,5,5,3,7.661,1,5,2,1.66666666666667,3,1,5,4.84615384615385,3
"131","R_2QyqfKlsp6Y1nxW",32,2,22,1,2,NA,1,NA,1,NA,4,2,1,3,1,13,23,5,4,7,7,3,3,3,1,2,2,3,7,2,1,2,7,3,7,2,1,0,0,0,3,2,2,1,5,4,6,3,3,4,3,1,5,8,3,5,5.875,3.16666666666667,100,0,0,9.768,0,0,0,17.234,0,318,143,2,2,3,1,2,2,1,2,2,1,"6.5",2,2,2,6,6,4,7.466,1,5,3,1.66666666666667,2,1,6,5,3.7
"132","R_1q8TtFqeSDiR5ky",32,3,22,1,2,NA,1,NA,1,NA,4,2,1,3,1,13,23,5,4,7,7,3,3,3,1,2,2,3,7,2,1,2,7,3,7,2,1,0,0,0,3,2,2,1,5,4,6,3,3,4,3,1,5,8,3,5,5.875,3.16666666666667,100,0,0,12.678,0,0,0,30.073,0,180,90,3,2,4,2,2,2,2,3,3,2,"5",1,1,1,4,4,5,17.395,1,5,4,2.33333333333333,1,0,4,5.23076923076923,3.4
"133","R_1LA3o7u2Y5P3qtn",32,4,22,1,2,NA,1,NA,1,NA,4,2,1,3,1,13,23,5,4,7,7,3,3,3,1,2,2,3,7,2,1,2,7,3,7,2,1,0,0,0,3,2,2,1,5,4,6,3,3,4,3,1,5,8,3,5,5.875,3.16666666666667,100,0,0,7.97,0,0,0,20.606,0,240,240,1,2,3,1,1,1,1,1,2,1,"5",1,1,1,6,5,5,12.636,1,5,4,1.16666666666667,1,0,5.5,6,3.7
"134","R_31SrxsB1S7ETBcK",32,5,22,1,2,NA,1,NA,1,NA,4,2,1,3,1,13,23,5,4,7,7,3,3,3,1,2,2,3,7,2,1,2,7,3,7,2,1,0,0,0,3,2,2,1,5,4,6,3,3,4,3,1,5,8,3,5,5.875,3.16666666666667,100,0,0,8.25,0,0,0,19.106,0,0,0,5,NA,4,1,1,1,1,1,2,1,"7.5",1,1,1,7,7,7,10.856,1,5,1,1.16666666666667,1,0,7,7,3.7
"135","R_2ckGOhbXckz7T20",34,1,24,1,2,NA,3,NA,1,NA,2,1,NA,NA,NA,123,23,6,4.5,7,7,3,3,1,1,2,1,1,1,1,1,1,1,1,2,0,0,0,0,0,0,2,2,1,2,5,4,2,3,1,1,2,4,3.8,7.2,-3.4,4.375,1.91666666666667,100,0,0,14.434,0,0,0,32.619,0,80,0,5,2,3,3,3,5,3,3,1,1,"8",3,1,1,2,2,4,18.185,2,4,1,2.66666666666667,1.66666666666667,1,2,5.38461538461539,2.8
"136","R_Q5kC8WKxl7RKodH",34,2,24,1,2,NA,3,NA,1,NA,2,1,NA,NA,NA,123,23,6,4.5,7,7,3,3,1,1,2,1,1,1,1,1,1,1,1,2,0,0,0,0,0,0,2,2,1,2,5,4,2,3,1,1,2,4,3.8,7.2,-3.4,4.375,1.91666666666667,100,0,0,5.304,0,0,0,4.653,0,200,140,4,2,3,2,3,5,1,3,3,1,"8",1,1,1,3,5,4,-0.651000000000001,2,4,3,2.66666666666667,1,0,4,5.46153846153846,3.1
"137","R_A4KrO0m8JIzeScN",34,3,24,1,2,NA,3,NA,1,NA,2,1,NA,NA,NA,123,23,6,4.5,7,7,3,3,1,1,2,1,1,1,1,1,1,1,1,2,0,0,0,0,0,0,2,2,1,2,5,4,2,3,1,1,2,4,3.8,7.2,-3.4,4.375,1.91666666666667,100,1.286,1.286,1.675,1,0,0,1.504,0,70,70,4,2,5,1,5,5,4,5,1,2,"8",5,1,5,3,4,2,-0.171,1,5,2,3.66666666666667,3.66666666666667,1,3.5,4.84615384615385,3.3
"138","R_1cZDXd0dhs5MTZh",34,4,24,1,2,NA,3,NA,1,NA,2,1,NA,NA,NA,123,23,6,4.5,7,7,3,3,1,1,2,1,1,1,1,1,1,1,1,2,0,0,0,0,0,0,2,2,1,2,5,4,2,3,1,1,2,4,3.8,7.2,-3.4,4.375,1.91666666666667,100,0,0,0.461,0,0,0,1.11,0,300,300,4,2,7,5,5,3,1,5,3,1,"8",7,7,7,4,4,3,0.649,1,5,1,3,7,1,4,4.23076923076923,3.2
"139","R_1Gv88iozBVTPIRg",34,5,24,1,2,NA,3,NA,1,NA,2,1,NA,NA,NA,123,23,6,4.5,7,7,3,3,1,1,2,1,1,1,1,1,1,1,1,2,0,0,0,0,0,0,2,2,1,2,5,4,2,3,1,1,2,4,3.8,7.2,-3.4,4.375,1.91666666666667,100,0,0,1.441,0,0,0,1.321,0,30,30,4,23,3,1,3,1,NA,1,3,1,"9",2,2,2,6,5,5,-0.12,1,5,1,1.8,2,1,5.5,5.41666666666667,3.4
"140","R_pKPOB5guLCbDAqt",35,2,23,1,23,NA,2,NA,1,NA,1,2,2,1,1,13,12,5,6,7,10,4,3,3,1,1,1,1,7,1,1,1,1,7,7,10,0,0,0,0,0,1,1,5,7,7,1,3,5,6,7,2,4,3.6,7.4,-3.8,5.25,4.58333333333333,100,0,0,15.873,0,0,0,24.122,0,120,120,5,12,2,3,5,3,5,3,6,3,"7.5",1,1,1,3,5,4,8.249,1,5,2,4.16666666666667,1,0,4,4.84615384615385,2.7
"141","R_1rcvyDHzwY1TZB6",35,2,23,1,23,NA,2,NA,1,NA,1,2,2,1,1,13,12,5,6,7,10,4,3,3,1,1,1,1,7,1,1,1,1,7,7,10,0,0,0,0,0,1,1,5,7,7,1,3,5,6,7,2,4,3.6,7.4,-3.8,5.25,4.58333333333333,100,0,0,14.664,0,0,0,28.89,0,120,120,5,12,4,3,3,3,4,3,6,4,"9",1,1,1,4,4,4,14.226,1,5,2,3.83333333333333,1,0,4,4.76923076923077,2.6
"142","R_3G9XsNN3pjnGW5B",35,3,23,1,23,NA,2,NA,1,NA,1,2,2,1,1,13,12,5,6,7,10,4,3,3,1,1,1,1,7,1,1,1,1,7,7,10,0,0,0,0,0,1,1,5,7,7,1,3,5,6,7,2,4,3.6,7.4,-3.8,5.25,4.58333333333333,100,0,0,15.503,0,14.26,14.26,14.741,1,5,5,5,12,6,2,3,4,3,5,6,1,"7",1,1,1,3,4,3,-0.762,1,5,1,3.66666666666667,1,0,3.5,4.53846153846154,2.5
"143","R_51Fd1pqkrcm9VpD",35,5,23,1,23,NA,2,NA,1,NA,1,2,2,1,1,13,12,5,6,7,10,4,3,3,1,1,1,1,7,1,1,1,1,7,7,10,0,0,0,0,0,1,1,5,7,7,1,3,5,6,7,2,4,3.6,7.4,-3.8,5.25,4.58333333333333,100,6.98,6.98,7.703,1,0,0,14.56,0,0,0,5,2,3,4,4,4,1,4,2,2,"7",1,1,1,5,5,5,6.857,1,5,1,2.83333333333333,1,0,5,5.61538461538461,3.2
"144","R_1KpZDT5V3xScebZ",36,1,20,1,2,NA,3,NA,1,NA,1,2,1,3,2,123,23,5,2,7,6,3,4,7,3,7,7,7,7,7,5,7,7,6,7,5,5,5,0,0,4,2,5,6,7,5,4,6,4,5,5,1,5,7,4,3,6.125,3.25,100,0,0,21.121,0,0,0,21.861,0,225,100,5,2,4,2,3,3,4,5,1,1,"9",2,5,2,6,6,4,0.740000000000002,1,5,2,2.83333333333333,3,1,6,5.15384615384615,2.5
"145","R_23eiCC5GhuhP8Uj",36,2,20,1,2,NA,3,NA,1,NA,1,2,1,3,2,123,23,5,2,7,6,3,4,7,3,7,7,7,7,7,5,7,7,6,7,5,5,5,0,0,4,2,5,6,7,5,4,6,4,5,5,1,5,7,4,3,6.125,3.25,100,0,0,9.119,0,0,0,21.264,0,225,75,4,2,5,1,1,1,2,2,1,1,"8",1,2,1,5,6,5,12.145,1,5,2,1.33333333333333,1.33333333333333,1,5.5,6.38461538461539,3
"146","R_1PRVASj0R7f7xbq",36,3,20,1,2,NA,3,NA,1,NA,1,2,1,3,2,123,23,5,2,7,6,3,4,7,3,7,7,7,7,7,5,7,7,6,7,5,5,5,0,0,4,2,5,6,7,5,4,6,4,5,5,1,5,7,4,3,6.125,3.25,100,0,0,7.703,0,0,0,21.428,0,0,0,5,NA,1,1,1,1,1,2,1,1,"9",1,1,1,1,1,6,13.725,1,5,1,1.16666666666667,1,0,1,3.30769230769231,3.3
"147","R_21EtmNTHmN8uyPe",36,4,20,1,2,NA,3,NA,1,NA,1,2,1,3,2,123,23,5,2,7,6,3,4,7,3,7,7,7,7,7,5,7,7,6,7,5,5,5,0,0,4,2,5,6,7,5,4,6,4,5,5,1,5,7,4,3,6.125,3.25,100,0,0,3.057,0,0,0,26.332,0,150,75,4,2,2,3,1,3,2,2,1,1,"8",1,5,1,6,6,5,23.275,1,5,2,1.66666666666667,2.33333333333333,1,6,5.84615384615385,3.3
"148","R_1kOEDolyugRBX46",36,5,20,1,2,NA,3,NA,1,NA,1,2,1,3,2,123,23,5,2,7,6,3,4,7,3,7,7,7,7,7,5,7,7,6,7,5,5,5,0,0,4,2,5,6,7,5,4,6,4,5,5,1,5,7,4,3,6.125,3.25,100,0,0,6.992,0,0,0,18.686,0,30,0,5,3,1,1,1,1,1,1,1,3,"9",1,1,1,7,7,4,11.694,1,5,1,1.33333333333333,1,0,7,6.53846153846154,2.3
"149","R_3OfynqPIpTH9XRx",37,2,22,1,2,NA,NA,NA,2,NA,1,2,1,3,2,13,2,6,6.5,7,12,5,3,2,1,4,1,1,4,2,2,1,2,4,6,0,0,0,0,0,0,1,2,1,3,3,6,3,3,5,4,2,4,5.6,5.4,0.199999999999999,4.375,3,100,23.605,23.605,23.635,1,0,0,15.028,0,270,270,4,2,5,7,6,7,7,7,6,5,"8",6,6,6,1,1,4,-8.607,1,5,4,6.33333333333333,6,1,1,2.69230769230769,1.9
"150","R_1msy5o1d57QWG6d",37,1,22,1,2,NA,NA,NA,2,NA,1,2,1,3,2,13,2,6,6.5,7,12,5,3,2,1,4,1,1,4,2,2,1,2,4,6,0,0,0,0,0,0,1,2,1,3,3,6,3,3,5,4,2,4,5.6,5.4,0.199999999999999,4.375,3,100,0,0,158.171,0,0,0,52.645,0,210,210,4,2,7,7,6,5,4,5,5,3,"10",3,5,5,4,4,3,NA,1,5,4,4.66666666666667,4.33333333333333,1,4,3.92307692307692,2
"151","R_3rN7GUDzOeqGM4x",37,3,22,1,2,NA,NA,NA,2,NA,1,2,1,3,2,13,2,6,6.5,7,12,5,3,2,1,4,1,1,4,2,2,1,2,4,6,0,0,0,0,0,0,1,2,1,3,3,6,3,3,5,4,2,4,5.6,5.4,0.199999999999999,4.375,3,100,0,0,15.884,0,0,0,28.649,0,210,200,4,2,4,4,4,3,2,2,3,2,"7",3,3,4,3,3,5,12.765,2,4,3,2.66666666666667,3.33333333333333,1,3,4.53846153846154,2.7
"152","R_2sS9gAo4dcuFcix",37,4,22,1,2,NA,NA,NA,2,NA,1,2,1,3,2,13,2,6,6.5,7,12,5,3,2,1,4,1,1,4,2,2,1,2,4,6,0,0,0,0,0,0,1,2,1,3,3,6,3,3,5,4,2,4,5.6,5.4,0.199999999999999,4.375,3,100,0,0,19.39,0,0,0,31.53,0,330,330,2,2,7,5,5,5,3,6,6,7,"8",4,5,4,2,2,1,12.14,1,5,3,5.33333333333333,4.33333333333333,1,2,4.07692307692308,1.8
"153","R_3ezCe3qXvO9640G",37,5,22,1,2,NA,NA,NA,2,NA,1,2,1,3,2,13,2,6,6.5,7,12,5,3,2,1,4,1,1,4,2,2,1,2,4,6,0,0,0,0,0,0,1,2,1,3,3,6,3,3,5,4,2,4,5.6,5.4,0.199999999999999,4.375,3,100,0,0,9.523,0,0,0,25.911,0,60,60,3,23,5,6,6,6,4,4,6,5,"8",2,2,1,3,3,2,16.388,1,5,4,5.16666666666667,1.66666666666667,1,3,4.53846153846154,1.7
"154","R_2e2TtpugVLvIdXb",38,1,19,1,2,NA,1,NA,4,NA,2,1,NA,NA,NA,123,123,5,5,7,7,4,5,5,4,6,4,1,7,5,5,7,7,7,7,0,0,0,0,0,0,1,5,1,4,4,5,4,5,5,4,4,2,5.4,5.6,-0.199999999999999,4.25,3.25,100,0,0,18.505,0,0,0,17.994,0,120,20,5,2,3,5,3,4,2,4,2,2,"7",3,2,2,4,4,4,-0.510999999999999,4,2,3,2.83333333333333,2.33333333333333,1,4,5.07692307692308,2.8
"155","R_2aKMoQccT802G7B",38,2,19,1,2,NA,1,NA,4,NA,2,1,NA,NA,NA,123,123,5,5,7,7,4,5,5,4,6,4,1,7,5,5,7,7,7,7,0,0,0,0,0,0,1,5,1,4,4,5,4,5,5,4,4,2,5.4,5.6,-0.199999999999999,4.25,3.25,100,1.893,1.893,12.78,1,16.654,16.654,16.659,1,420,60,5,2,4,4,5,4,3,4,3,3,"7",3,2,2,5,5,3,3.879,4,2,3,3.66666666666667,2.33333333333333,1,5,5.30769230769231,2.9
"156","R_UhFovUVK6hY0zrX",38,3,19,1,2,NA,1,NA,4,NA,2,1,NA,NA,NA,123,123,5,5,7,7,4,5,5,4,6,4,1,7,5,5,7,7,7,7,0,0,0,0,0,0,1,5,1,4,4,5,4,5,5,4,4,2,5.4,5.6,-0.199999999999999,4.25,3.25,100,0,0,7.584,0,0,0,13.175,0,180,45,5,2,2,2,1,1,1,1,1,1,"7",2,2,2,5,5,5,5.591,4,2,3,1,2,1,5,5.76923076923077,3
"157","R_1pu6vPpRXfhl9AE",38,4,19,1,2,NA,1,NA,4,NA,2,1,NA,NA,NA,123,123,5,5,7,7,4,5,5,4,6,4,1,7,5,5,7,7,7,7,0,0,0,0,0,0,1,5,1,4,4,5,4,5,5,4,4,2,5.4,5.6,-0.199999999999999,4.25,3.25,100,0,0,7.243,0,0,0,13.418,0,150,50,5,23,2,4,2,2,2,2,2,3,"7",3,3,2,5,5,4,6.175,4,2,3,2.16666666666667,2.66666666666667,1,5,5.15384615384615,3
"158","R_22KVzPRAeylE1IX",38,5,19,1,2,NA,1,NA,4,NA,2,1,NA,NA,NA,123,123,5,5,7,7,4,5,5,4,6,4,1,7,5,5,7,7,7,7,0,0,0,0,0,0,1,5,1,4,4,5,4,5,5,4,4,2,5.4,5.6,-0.199999999999999,4.25,3.25,100,0,0,10.432,0,0,0,10.964,0,50,10,5,2,1,2,2,2,2,2,2,1,"7",2,3,2,5,5,4,0.532,4,2,3,1.83333333333333,2.33333333333333,1,5,5.76923076923077,3
"159","R_3nc6YZZMpNcErqx",39,1,20,1,3,NA,2,NA,1,NA,1,1,NA,NA,NA,123,23,7,4,7,5,2,5,1,1,1,1,1,1,1,1,1,1,2,1,4,4,4,0,0,0,1,1,1,2,3,5,2,3,3,2,3,3,3.4,7.6,-4.2,3.375,2.5,100,2.295,2.295,12.988,1,4.96,4.96,21.799,1,4.5,120,5,2,3,3,3,1,1,1,1,1,"10",1,1,1,4,4,4,8.811,2,4,1,1.33333333333333,1,0,4,3.76923076923077,3.2
"160","R_9oFtWrqhzWexx8B",39,2,20,1,3,NA,2,NA,1,NA,1,1,NA,NA,NA,123,23,7,4,7,5,2,5,1,1,1,1,1,1,1,1,1,1,2,1,4,4,4,0,0,0,1,1,1,2,3,5,2,3,3,2,3,3,3.4,7.6,-4.2,3.375,2.5,100,0,0,5.929,0,0,0,11.993,0,3,150,5,2,2,3,2,1,1,1,1,1,"9",1,1,1,5,5,5,6.064,3,3,1,1.16666666666667,1,0,5,4.38461538461539,3.2
"161","R_339CLI56pELrDwf",39,3,20,1,3,NA,2,NA,1,NA,1,1,NA,NA,NA,123,23,7,4,7,5,2,5,1,1,1,1,1,1,1,1,1,1,2,1,4,4,4,0,0,0,1,1,1,2,3,5,2,3,3,2,3,3,3.4,7.6,-4.2,3.375,2.5,100,0,0,8.718,0,0,0,12.339,0,9,360,5,23,3,1,2,2,1,1,3,1,"11",1,3,1,6,6,3,3.621,2,4,2,1.66666666666667,1.66666666666667,1,6,4.30769230769231,3.3
"162","R_2QfimbxbW4DXF5A",39,5,20,1,3,NA,2,NA,1,NA,1,1,NA,NA,NA,123,23,7,4,7,5,2,5,1,1,1,1,1,1,1,1,1,1,2,1,4,4,4,0,0,0,1,1,1,2,3,5,2,3,3,2,3,3,3.4,7.6,-4.2,3.375,2.5,100,0,0,0.482,0,0,0,0.48,0,NA,120,5,2,2,3,2,3,1,1,3,1,"12",1,1,1,2,3,2,-0.002,2,4,1,1.83333333333333,1,0,2.5,3.07692307692308,2.3
"163","R_sLQ4oEjc76uoT1T",40,1,18,1,2,NA,7,NA,2,NA,1,2,1,5,2,13,23,7,9,7,9,2,4,1,1,1,1,1,1,1,1,1,1,1,1,0,0,0,0,0,0,1,1,1,1,1,2,2,1,1,1,2,4,4,7,-3,3.875,1.83333333333333,100,0,0,31.945,0,0,0,38.263,0,280,280,4,23,4,2,3,3,2,3,3,1,"7",3,3,3,3,5,5,6.318,1,5,4,2.5,3,1,4,4.38461538461539,2.8
"164","R_2XoFmEPK084nNLd",40,2,18,1,2,NA,7,NA,2,NA,1,2,1,5,2,13,23,7,9,7,9,2,4,1,1,1,1,1,1,1,1,1,1,1,1,0,0,0,0,0,0,1,1,1,1,1,2,2,1,1,1,2,4,4,7,-3,3.875,1.83333333333333,100,0,0,16.171,0,0,0,33.719,0,210,30,5,23,5,3,5,4,3,3,5,3,"6",5,3,3,2,2,3,17.548,5,1,1,3.83333333333333,3.66666666666667,1,2,4.30769230769231,2.6
"165","R_26g9WxjTJeDhFtF",40,3,18,1,2,NA,7,NA,2,NA,1,2,1,5,2,13,23,7,9,7,9,2,4,1,1,1,1,1,1,1,1,1,1,1,1,0,0,0,0,0,0,1,1,1,1,1,2,2,1,1,1,2,4,4,7,-3,3.875,1.83333333333333,100,0,0,11.785,0,0,0,15.115,0,180,120,5,23,4,4,4,5,4,5,5,5,"6",6,7,7,2,2,3,3.33,2,4,2,4.66666666666667,6.66666666666667,1,2,4.07692307692308,2.6
"166","R_3eqA73rwl3OP7Qr",40,4,18,1,2,NA,7,NA,2,NA,1,2,1,5,2,13,23,7,9,7,9,2,4,1,1,1,1,1,1,1,1,1,1,1,1,0,0,0,0,0,0,1,1,1,1,1,2,2,1,1,1,2,4,4,7,-3,3.875,1.83333333333333,100,0,0,13.66,0,0,0,17.833,0,95,22,4,23,2,2,2,3,2,3,3,2,"6.5",3,3,2,5,5,5,4.173,5,1,1,2.5,2.66666666666667,1,5,5.69230769230769,3
"167","R_3EEhK2sXjs9B7sH",40,5,18,1,2,NA,7,NA,2,NA,1,2,1,5,2,13,23,7,9,7,9,2,4,1,1,1,1,1,1,1,1,1,1,1,1,0,0,0,0,0,0,1,1,1,1,1,2,2,1,1,1,2,4,4,7,-3,3.875,1.83333333333333,100,0,0,8.772,0,19.58,19.58,20.481,1,140,140,4,2,1,1,2,2,2,2,2,2,"6",2,2,2,7,7,6,11.709,1,5,1,2,2,1,7,6.07692307692308,3.5
"168","R_wTWaJJlEi3esYmd",41,1,19,1,2,NA,14,NA,4,NA,3,2,1,3,1,123,23,6,5,7,10,2,4,1,1,1,1,1,2,1,1,1,3,4,4,15,0,5,0,0,0,2,1,1,3,3,1,3,4,5,5,1,5,3.6,7.4,-3.8,3.75,3.25,100,0,0,17.761,0,0,0,19.309,0,270,220,4,2,3,3,4,3,1,3,1,1,"5.5",1,1,1,4,4,5,1.548,1,5,2,2.16666666666667,1,0,4,5.30769230769231,2.8
"169","R_2v7bSvRri5ARSR5",41,2,19,1,2,NA,14,NA,4,NA,3,2,1,3,1,123,23,6,5,7,10,2,4,1,1,1,1,1,2,1,1,1,3,4,4,15,0,5,0,0,0,2,1,1,3,3,1,3,4,5,5,1,5,3.6,7.4,-3.8,3.75,3.25,100,0,0,12.752,0,0,0,25.652,0,345,150,4,23,4,3,1,2,1,2,1,2,"8",1,1,1,5,5,6,12.9,1,5,1,1.5,1,0,5,5.69230769230769,3
"170","R_Pvo1UK1q2rFaF1L",41,3,19,1,2,NA,14,NA,4,NA,3,2,1,3,1,123,23,6,5,7,10,2,4,1,1,1,1,1,2,1,1,1,3,4,4,15,0,5,0,0,0,2,1,1,3,3,1,3,4,5,5,1,5,3.6,7.4,-3.8,3.75,3.25,100,4.64,4.64,7.92,1,0,0,15.285,0,315,315,4,2,3,1,1,1,1,2,1,1,"4.75",1,1,1,5,5,4,7.365,1,5,2,1.16666666666667,1,0,5,5.07692307692308,2.9
"171","R_3e44Y6RsQkpRpMS",41,4,19,1,2,NA,14,NA,4,NA,3,2,1,3,1,123,23,6,5,7,10,2,4,1,1,1,1,1,2,1,1,1,3,4,4,15,0,5,0,0,0,2,1,1,3,3,1,3,4,5,5,1,5,3.6,7.4,-3.8,3.75,3.25,100,0,0,1.25,0,0,0,0.926,0,225,120,4,2,7,3,5,3,3,4,3,1,"6.5",3,1,2,4,5,3,-0.324,1,5,1,3.16666666666667,2,1,4.5,4.76923076923077,2.5
"172","R_BAiHWNOql4cxqzn",41,5,19,1,2,NA,14,NA,4,NA,3,2,1,3,1,123,23,6,5,7,10,2,4,1,1,1,1,1,2,1,1,1,3,4,4,15,0,5,0,0,0,2,1,1,3,3,1,3,4,5,5,1,5,3.6,7.4,-3.8,3.75,3.25,100,0,0,11.701,0,0,0,14.022,0,195,195,4,2,1,1,1,1,2,1,1,1,"6.75",1,1,1,6,6,7,2.321,1,5,2,1.16666666666667,1,0,6,5.53846153846154,3
