StartDate,EndDate,Status,IPAddress,Progress,Duration (in seconds),Finished,RecordedDate,ResponseId,RecipientLastName,RecipientFirstName,ExternalReference,LocationLatitude,LocationLongitude,DistributionChannel,UserLanguage,StroopTime_Congrue_First Click,StroopTime_Congrue_Last Click,StroopTime_Congrue_Page Submit,StroopTime_Congrue_Click Count,StroopTime_Incongru_First Click,StroopTime_Incongru_Last Click,StroopTime_Incongru_Page Submit,StroopTime_Incongru_Click Count,Zoom_Total_Mins,Self_View,Self_View_Mins,Self_Distraction,Preparedness,Zoom_Function,Fatigue,Lack_of_Initiative,Mental_Fatigue,ConcentrateDifficult,Memory_Problems,Slowness_of_Thinking,Sensitivity_to_Stres,Irritability,Sleep_Hours,SSO_1,SSO_2,SSO_3,SSO_4,SSO_5,interact_comfort,interact_anxious,interact_happy,interact_unhappy,interact_friendly,interact_warm,interact_easygoing,interac_hostile,interact_sincere,interact_authentic,interact_apprehensiv,interact_cooperative,interact_aggresive,How_Today,SES_Satisfied,SES_Bad,SES_Good,SES_Competent,SES_Proud,SES_Useless,SES_Worth,SES_Respect,SES_Failure,SES_Positive,day,partID
5/10/21 18:02,5/10/21 18:05,0,144.121.36.209,100,194,1,5/10/21 18:05,R_3nc6YZZMpNcErqx,,,,42.31820679,-72.64189911,email,EN,2.295,2.295,12.988,1,4.96,4.96,21.799,1,4.5,4,120,5,5,2,3,3,3,1,1,1,1,1,10,1,1,1,4,4,4,2,2,2,3,2,1,1,2,2,3,2,1,4,2,3,2,2,3,3,2,4,4,2,1,39
5/10/21 18:03,5/10/21 18:07,0,144.121.36.211,100,277,1,5/10/21 18:07,R_1DOuv7BfWquhTI6,,,,42.31820679,-72.64189911,email,EN,0,0,15.992,0,0,0,24.164,0,45,5,45,2,5,3,5,5,5,6,6,6,1,1,12,5,4,6,7,7,4,2,1,7,1,1,1,5,4,4,4,1,1,2,3,3,2,2,2,1,2,2,3,2,1,29
5/10/21 18:03,5/10/21 18:11,0,144.121.36.209,100,476,1,5/10/21 18:11,R_bBm6GnxIrnynBaF,,,,42.31820679,-72.64189911,email,EN,0,0,18.616,0,0,0,23.168,0,180,1,,5,4,2,2,5,4,4,3,3,6,2,6,4,2,4,3,2,6,3,4,2,5,4,5,1,3,4,4,5,1,5,2,2,3,3,2,2,3,2,2,3,1,28
5/10/21 18:02,5/10/21 18:14,0,144.121.36.210,100,720,1,5/10/21 18:14,R_2t0gkeFQDITDIyt,,,,42.31820679,-72.64189911,email,EN,0,0,15.028,0,0,0,16.135,0,300,3,180,4,3,"2,3",3,2,2,3,1,2,3,5,7,4,3,5,6,6,4,5,5,3,4,3,1,1,5,5,2,6,1,5,3,2,3,2,1,1,2,2,3,3,1,19
5/10/21 18:12,5/10/21 18:15,0,108.195.124.71,100,227,1,5/10/21 18:15,R_1irmgQHNh5EMWFf,,,,38.59599304,-121.2126999,email,EN,0,0,11.602,0,0,0,18.773,0,90,5,0,4,4,2,3,5,2,3,6,2,1,1,7.5,1,1,1,4,4,4,2,3,4,2,2,4,2,3,2,5,4,2,4,2,2,2,1,3,2,1,4,4,1,1,13
5/10/21 18:12,5/10/21 18:17,0,24.3.161.210,100,297,1,5/10/21 18:17,R_3pmYvYm28IMgBl1,,,,40.56619263,-79.70780182,email,EN,0,0,20.863,0,0,0,17.644,0,150,3,70,3,4,2,4,2,3,1,2,1,4,1,7,3,4,3,4,4,4,6,4,5,4,3,3,3,5,4,4,5,3,4,2,3,2,2,3,3,2,3,3,2,1,1
5/10/21 18:07,5/10/21 18:19,0,144.121.36.210,100,751,1,5/10/21 18:19,R_30od2VrHfxK7wNp,,,,42.31820679,-72.64189911,email,EN,0,0,16.263,0,0,0,24.094,0,330,5,330,1,4,2,6,6,5,6,3,6,1,1,7.5,6,6,6,2,3,3,7,4,6,4,4,2,4,3,3,5,4,5,3,3,2,3,4,2,2,2,2,3,3,1,25
5/10/21 18:10,5/10/21 18:21,0,73.186.114.149,100,662,1,5/10/21 18:21,R_vqMQQoc6QbVR9Ad,,,,43.03610229,-72.50779724,email,EN,2.404,2.404,21.651,1,6.257,6.257,51.087,1,260,3,130,3,4,2,7,5,6,6,7,5,4,1,7,5,6,4,5,5,4,5,1,5,7,6,4,1,4,5,2,5,1,5,2,3,3,2,2,3,3,2,4,2,1,2
5/10/21 18:22,5/10/21 18:28,0,144.121.36.211,100,376,1,5/10/21 18:28,R_1IaZGYS1qgvEgf8,,,,42.31820679,-72.64189911,email,EN,0,0,11.555,0,0,0,23.044,0,170,5,100,3,4,2,7,6,6,7,6,5,6,5,7,4,5,4,3,4,5,6,4,3,5,5,3,2,4,3,5,5,1,2,3,1,3,4,1,2,3,2,2,3,1,31
5/10/21 18:25,5/10/21 18:32,0,144.121.36.211,100,417,1,5/10/21 18:32,R_yjCNsTFqBtDQ6J3,,,,42.31820679,-72.64189911,email,EN,0,0,16.742,0,0,0,22.376,0,165,5,165,4,4,"2,3",3,3,2,2,2,3,3,1,6.75,1,1,1,6,6,3,3,5,4,5,3,5,1,5,5,3,6,1,4,2,3,2,2,4,4,2,4,4,2,1,30
5/10/21 18:31,5/10/21 18:37,0,144.121.36.209,100,388,1,5/10/21 18:37,R_3FWIOY1GMQTThSY,,,,42.31820679,-72.64189911,email,EN,0,0,18.696,0,0,0,20.565,0,120,5,100,3,3,2,5,4,2,4,3,3,2,1,6,1,1,1,5,5,4,5,3,4,4,3,3,1,4,4,5,5,1,5,2,3,2,3,3,2,2,2,2,3,1,16
5/10/21 18:44,5/10/21 18:50,0,174.83.86.144,100,373,1,5/10/21 18:50,R_3QXX6IdisobcFGU,,,,44.19380188,-72.10939789,email,EN,0,0,10.876,0,0,0,18.259,0,90,5,90,2,3,2,4,3,2,2,1,2,2,1,6,3,1,1,5,5,5,2,5,2,6,5,6,1,6,6,1,6,1,5,2,4,1,2,4,4,1,1,4,2,1,5
5/10/21 18:49,5/10/21 19:00,0,71.192.38.136,100,662,1,5/10/21 19:00,R_3nSDH4n0FFfhGyK,,,,42.31809998,-72.69200134,email,EN,0,0,20.672,0,0,0,42.445,0,3.5,4,3,1,4,"1,2",5,6,3,5,3,7,5,3,8,7,7,7,2,2,3,5,2,4,2,1,2,1,1,1,2,1,1,3,3,2,3,3,2,2,3,2,1,3,1,6
5/10/21 19:24,5/10/21 19:30,0,144.121.36.211,100,338,1,5/10/21 19:30,R_2VxRrofJqVwvOyy,,,,42.31820679,-72.64189911,email,EN,1.578,1.578,18.311,1,2.004,2.004,19.823,1,45,2,5,2,3,1,5,5,5,4,3,3,1,2,8,5,2,4,3,5,3,5,4,2,6,5,2,1,5,5,3,4,1,5,2,4,2,3,4,3,1,2,3,2,1,14
5/10/21 19:17,5/10/21 19:35,0,73.149.68.110,100,1097,1,5/10/21 19:35,R_2WVAjq5cg8I3NRT,,,,42.32510376,-72.62760162,email,EN,0,0,9.966,0,0,0,20.359,0,190,5,190,3,3,2,7,3,5,5,4,5,6,3,8,5,3,4,2,2,5,6,3,5,4,3,3,1,3,3,2,6,2,5,2,2,2,3,3,2,2,2,3,3,1,7
5/10/21 19:43,5/10/21 19:50,0,47.154.16.189,100,399,1,5/10/21 19:50,R_wTWaJJlEi3esYmd,,,,34.03849792,-118.5050964,email,EN,0,0,17.761,0,0,0,19.309,0,270,5,220,4,4,2,3,3,4,3,1,3,1,1,5.5,1,1,1,4,4,6,4,5,2,6,4,2,1,4,5,1,6,1,5,2,2,2,2,2,3,2,3,3,2,1,41
5/10/21 19:45,5/10/21 19:53,0,73.29.94.73,100,441,1,5/10/21 19:53,R_sLQ4oEjc76uoT1T,,,,40.61050415,-74.28130341,email,EN,0,0,31.945,0,0,0,38.263,0,280,5,280,2,4,"2,3",4,2,3,3,2,3,3,1,7,3,3,3,3,5,5,5,3,3,4,3,3,1,3,3,2,5,1,5,2,2,2,2,3,3,2,2,3,2,1,40
5/10/21 18:35,5/10/21 20:35,0,71.235.92.231,100,7216,1,5/10/21 20:35,R_ugo1g2GZL8dQvHr,,,,41.53619385,-72.08329773,email,EN,0,0,17.149,0,0,0,24.81,0,4.5,5,180,4,4,2,6,2,3,2,1,2,1,1,7,2,5,2,5,5,4,2,3,1,5,3,3,1,4,4,1,3,1,3,2,3,2,2,3,3,2,2,4,2,1,32
5/10/21 20:08,5/10/21 21:58,0,73.89.160.242,100,6625,1,5/10/21 21:58,R_3kKYtqJem90nXjy,,,,42.32510376,-72.62760162,email,EN,0,0,16.194,0,0,0,18.857,0,70,2,10,1,4,2,3,5,5,5,3,3,3,1,7,4,4,4,3,3,3,6,3,5,2,3,2,2,3,3,6,3,1,3,2,2,3,3,2,2,2,2,3,2,1,9
5/10/21 22:14,5/10/21 22:21,0,108.51.20.237,100,458,1,5/10/21 22:21,R_2QSvBKR3vrz8Ftg,,,,39.10899353,-77.24890137,email,EN,0,0,24.583,0,0,0,28.458,0,95,2,30,4,3,"1,2",5,5,5,5,3,7,3,2,6,2,3,2,1,2,2,5,3,4,7,3,4,2,2,2,7,5,1,4,3,3,2,3,1,1,2,2,3,3,1,10
5/10/21 22:19,5/10/21 23:07,0,50.199.214.76,100,2917,1,5/10/21 23:07,R_ub69NuZZ21inGHn,,,,42.39070129,-71.13490295,email,EN,0,0,10.787,0,0,0,17.668,0,50,1,50,5,5,"2,3",5,5,6,7,1,4,1,1,5,2,2,1,4,5,4,3,2,2,5,4,6,1,4,4,5,6,1,3,4,3,3,3,2,1,3,2,2,3,1,18
5/10/21 23:10,5/10/21 23:21,0,125.179.84.26,100,620,1,5/10/21 23:21,R_3ikGIxXfN9GPs1a,,,,36.63870239,127.4702148,email,EN,0,0,19.657,0,0,0,49.836,0,330,2,30,4,5,2,5,6,3,3,2,4,3,1,7,1,1,1,5,5,4,5,5,3,3,4,3,1,5,5,4,7,1,4,3,2,2,2,1,2,2,2,3,2,1,21
5/11/21 5:47,5/11/21 5:53,0,71.192.24.106,100,346,1,5/11/21 5:53,R_2ckGOhbXckz7T20,,,,42.31809998,-72.69200134,email,EN,0,0,14.434,0,0,0,32.619,0,80,4,0,5,5,2,3,3,3,5,3,3,1,1,8,3,1,1,2,2,5,1,4,1,5,4,5,1,3,3,1,6,1,4,2,2,2,2,4,3,2,1,3,2,1,34
5/10/21 18:23,5/11/21 6:08,0,73.68.117.133,100,42314,1,5/11/21 6:08,R_3eenbJNFLov56Kc,,,,42.36540222,-72.46710205,email,EN,0,0,20.292,0,0,0,35.036,0,130,5,40,4,4,2,6,1,5,3,3,3,5,1,4,5,1,2,2,4,2,7,1,2,2,2,4,1,2,2,5,4,1,3,2,3,2,3,3,2,2,2,4,3,1,4
5/11/21 6:50,5/11/21 6:56,0,73.4.6.251,100,373,1,5/11/21 6:56,R_dnkhGvhN8WDN3dn,,,,42.32510376,-72.62760162,email,EN,17.141,17.141,17.677,1,0,0,22.057,0,2,5,0,5,4,2,4,3,3,2,1,1,1,1,8,1,1,1,2,2,5,2,1,1,3,2,2,1,1,4,1,3,1,4,2,4,2,2,3,1,2,3,4,2,1,8
5/11/21 7:11,5/11/21 7:17,0,144.121.36.210,100,329,1,5/11/21 7:17,R_2eUxMRviZkjo5Rl,,,,42.31820679,-72.64189911,email,EN,0,0,18.33,0,0,0,24.701,0,300,4,150,4,5,"2,3",5,5,5,4,1,3,2,1,7,2,1,1,6,6,6,3,5,2,6,6,6,2,5,6,1,7,1,5,3,2,2,2,1,2,3,2,3,2,1,22
5/11/21 7:38,5/11/21 7:45,0,144.121.36.209,100,383,1,5/11/21 7:45,R_1KpZDT5V3xScebZ,,,,42.31820679,-72.64189911,email,EN,0,0,21.121,0,0,0,21.861,0,225,5,100,4,5,2,4,2,3,3,4,5,1,1,9,2,5,2,6,6,5,2,3,2,5,4,5,1,5,5,5,6,1,4,2,3,2,3,2,2,3,2,3,2,1,36
5/10/21 19:59,5/11/21 8:06,0,67.189.232.124,100,43597,1,5/11/21 8:06,R_2arWNTEBURYAXvf,,,,43.07290649,-70.80519867,email,EN,0,0,25.324,0,51.588,51.883,70.677,2,220,5,220,4,4,2,1,2,1,1,1,1,2,1,6.1,2,1,2,3,2,4,5,2,3,3,1,5,1,5,2,5,3,1,3,2,3,2,2,3,3,2,2,4,2,1,11
5/11/21 8:47,5/11/21 8:58,0,71.192.26.187,100,603,1,5/11/21 8:58,R_2yskzSCIW3Cbit3,,,,42.32510376,-72.62760162,email,EN,0,0,21.54,0,0,0,26.577,0,150,5,130,4,5,2,5,4,5,4,1,3,2,1,8,1,1,1,7,7,5,1,4,2,7,2,5,1,5,7,1,5,1,3,3,3,2,3,1,2,2,1,3,3,1,3
5/10/21 18:02,5/11/21 9:16,0,207.102.106.142,100,54850,1,5/11/21 9:16,R_1otdc73SrzzSmc6,,,,49.27740479,-122.7624969,email,EN,0,0,8.031,0,0,0,9.4,0,,3,90,3,5,"2,3",3,5,3,4,1,1,3,2,5,1,1,1,5,3,6,2,4,2,5,4,5,1,3,3,2,5,1,5,2,2,2,2,3,2,2,2,3,3,1,26
5/11/21 9:26,5/11/21 9:30,0,144.121.36.212,100,236,1,5/11/21 9:30,R_3p4MXBGW4UXkqjJ,,,,42.31820679,-72.64189911,email,EN,0,0,17.949,0,0,0,21.416,0,460,5,800,5,5,"1,2",6,6,6,6,4,5,7,2,4,1,1,1,3,3,5,4,5,3,6,5,3,2,4,4,5,5,1,3,3,2,2,3,2,2,2,2,3,3,1,23
5/11/21 9:36,5/11/21 9:41,0,131.191.42.206,100,330,1,5/11/21 9:41,R_2e2TtpugVLvIdXb,,,,47.2572937,-122.4920959,email,EN,0,0,18.505,0,0,0,17.994,0,120,2,20,3,5,2,3,5,3,4,2,4,2,2,7,3,2,2,4,4,4,3,4,2,4,4,4,1,4,5,1,5,1,4,2,3,2,2,3,3,2,2,3,3,1,38
5/10/21 20:56,5/11/21 9:52,0,71.233.119.203,100,46540,1,5/11/21 9:52,R_pKPOB5guLCbDAqt,,,,42.32510376,-72.62760162,email,EN,0,0,15.873,0,0,0,24.122,0,120,5,120,4,5,"1,2",2,3,5,3,5,3,6,3,7.5,1,1,1,3,5,4,4,2,2,4,4,2,1,5,5,1,6,1,4,2,2,2,2,3,2,2,2,3,2,2,35
5/11/21 8:13,5/11/21 10:33,0,144.121.36.211,100,8406,1,5/11/21 10:33,R_2YyaNsXcVneGFml,,,,42.31820679,-72.64189911,email,EN,0,0,7.789,0,0,0,332.643,0,6,5,8,2,4,2,5,3,4,3,3,3,3,1,7,1,1,1,5,7,6,3,6,1,7,7,7,1,5,,1,7,1,6,1,3,1,1,4,4,1,2,4,1,1,12
5/11/21 18:03,5/11/21 18:07,0,144.121.36.211,100,239,1,5/11/21 18:07,R_1DBbBKUuuc88Jg8,,,,42.31820679,-72.64189911,email,EN,0,0,11.217,0,0,0,24.249,0,360,2,100,3,3,2,5,6,5,5,6,6,4,4,8,5,5,6,5,6,2,4,5,6,6,6,4,1,7,6,2,7,1,4,3,2,3,3,2,2,3,2,2,3,2,31
5/11/21 18:02,5/11/21 18:08,0,67.189.232.124,100,342,1,5/11/21 18:08,R_3CKtFcEjUcVASum,,,,43.07290649,-70.80519867,email,EN,0,0,9.247,0,0,0,18.949,0,240,5,240,4,5,2,2,3,1,1,2,1,2,1,8,2,1,2,4,2,3,5,2,3,3,1,2,1,4,4,5,5,1,4,2,3,3,2,3,3,2,2,4,2,2,11
5/11/21 18:05,5/11/21 18:09,0,207.102.106.142,100,212,1,5/11/21 18:09,R_2V1mg5hlu00tXep,,,,49.27740479,-122.7624969,email,EN,0,0,7.559,0,0,0,7.088,0,,3,300,3,5,2,3,2,3,1,1,1,3,1,6.25,1,1,1,3,3,4,2,3,2,5,5,5,1,4,4,1,4,1,4,2,2,2,2,2,2,2,3,3,3,2,26
5/11/21 18:03,5/11/21 18:12,0,73.186.114.149,100,544,1,5/11/21 18:12,R_3h3ZCULTy6t5KUo,,,,43.03610229,-72.50779724,email,EN,0,0,23.015,0,0,0,44.466,0,480,3,240,1,5,2,7,2,3,2,3,2,3,1,8,4,3,2,6,5,5,4,2,2,5,6,5,1,4,5,5,5,1,5,2,4,3,1,3,4,3,2,3,2,2,2
5/11/21 18:02,5/11/21 18:14,0,144.121.36.210,100,669,1,5/11/21 18:14,R_u9SeMpaqDW8darD,,,,42.31820679,-72.64189911,email,EN,0,0,10.912,0,0,0,14.456,0,135,5,75,4,3,2,4,3,3,4,3,3,1,1,6,2,3,2,4,5,5,3,4,2,5,5,5,1,6,5,3,6,1,5,2,4,1,2,4,3,2,4,4,1,2,19
5/11/21 18:07,5/11/21 18:14,0,73.29.94.73,100,380,1,5/11/21 18:14,R_2XoFmEPK084nNLd,,,,40.61050415,-74.28130341,email,EN,0,0,16.171,0,0,0,33.719,0,210,1,30,5,5,"2,3",5,3,5,4,3,3,5,3,6,5,3,3,2,2,4,6,3,2,5,4,4,1,3,3,3,3,1,3,2,2,2,2,3,2,2,2,2,2,2,40
5/11/21 18:13,5/11/21 18:16,0,24.3.161.210,100,187,1,5/11/21 18:16,R_tSqlQ5nxJNgJMit,,,,40.56619263,-79.70780182,email,EN,0,0,15.13,0,0,0,13.135,0,0,5,0,5,5,,7,6,5,6,3,7,4,1,9,1,1,1,1,1,1,1,1,1,1,1,1,1,1,1,1,1,1,2,3,3,2,2,2,1,3,3,3,3,2,1
5/11/21 18:12,5/11/21 18:16,0,71.235.92.231,100,278,1,5/11/21 18:16,R_2QyqfKlsp6Y1nxW,,,,41.53619385,-72.08329773,email,EN,0,0,9.768,0,0,0,17.234,0,318,5,143,3,2,2,3,1,2,2,1,2,2,1,6.5,2,2,2,6,6,5,5,5,2,4,4,3,1,5,5,2,5,1,4,2,4,1,1,4,3,1,3,4,1,2,32
5/11/21 18:03,5/11/21 18:17,0,144.121.36.209,100,856,1,5/11/21 18:17,R_23eiCC5GhuhP8Uj,,,,42.31820679,-72.64189911,email,EN,0,0,9.119,0,0,0,21.264,0,225,5,75,4,4,2,5,1,1,1,2,2,1,1,8,1,2,1,5,6,6,2,5,2,7,7,7,1,6,6,2,7,1,5,2,3,2,3,3,2,1,3,3,1,2,36
5/11/21 18:03,5/11/21 18:18,0,144.121.36.209,100,915,1,5/11/21 18:18,R_qKmmv3fuOcfEG8F,,,,42.31820679,-72.64189911,email,EN,0,0,6.929,0,0,0,20.895,0,70,5,0,5,4,2,1,5,2,2,2,3,3,1,6.75,1,3,1,5,5,5,3,5,3,5,4,4,1,5,4,3,5,1,5,1,2,3,3,3,2,2,3,2,2,2,16
5/11/21 18:36,5/11/21 18:41,0,47.154.16.189,100,316,1,5/11/21 18:41,R_2v7bSvRri5ARSR5,,,,34.03849792,-118.5050964,email,EN,0,0,12.752,0,0,0,25.652,0,345,5,150,5,4,"2,3",4,3,1,2,1,2,1,2,8,1,1,1,5,5,5,2,6,2,5,5,6,1,5,5,2,5,1,6,2,3,2,2,3,2,2,3,4,2,2,41
5/11/21 18:38,5/11/21 18:41,0,144.121.36.209,100,195,1,5/11/21 18:41,R_9oFtWrqhzWexx8B,,,,42.31820679,-72.64189911,email,EN,0,0,5.929,0,0,0,11.993,0,3,3,150,5,5,2,2,3,2,1,1,1,1,1,9,1,1,1,5,5,5,3,3,2,2,3,5,1,4,4,5,3,1,5,1,3,2,3,3,4,1,2,4,2,2,39
5/11/21 18:39,5/11/21 18:42,0,71.192.98.235,100,200,1,5/11/21 18:42,R_Q5kC8WKxl7RKodH,,,,42.32510376,-72.62760162,email,EN,0,0,5.304,0,0,0,4.653,0,200,4,140,3,4,2,3,2,3,5,1,3,3,1,8,1,1,1,3,5,3,1,5,4,5,5,5,1,7,5,2,5,1,4,2,4,2,2,3,4,2,2,3,2,2,34
5/11/21 18:39,5/11/21 18:48,0,73.89.160.242,100,543,1,5/11/21 18:48,R_2ZNDPMx7WKv4baY,,,,42.32510376,-72.62760162,email,EN,0,0,9.722,0,0,0,13.18,0,205,2,20,2,3,"2,3",3,3,5,5,2,5,5,2,8,2,2,2,2,3,3,4,2,4,4,3,2,1,3,3,5,4,1,5,2,3,2,2,3,3,1,2,3,2,2,9
5/11/21 18:35,5/11/21 18:52,0,73.149.68.110,100,994,1,5/11/21 18:52,R_PRr9hIkWSoAGjvP,,,,42.32510376,-72.62760162,email,EN,0,0,8.007,0,0,0,11.984,0,150,3,75,3,5,2,7,5,5,5,4,5,3,4,8,4,4,4,3,5,4,5,3,4,5,4,3,1,4,4,4,6,1,4,3,3,2,2,2,2,2,2,2,3,2,7
5/11/21 18:44,5/11/21 18:55,0,125.179.84.26,100,677,1,5/11/21 18:55,R_x6jmC6CFgluQXi9,,,,36.63870239,127.4702148,email,EN,0,0,18.996,0,0,0,19.098,0,540,2,150,2,4,2,3,2,3,1,3,3,1,1,2,2,3,2,6,7,3,6,4,5,5,4,3,1,5,5,6,7,2,4,2,2,2,2,2,2,2,3,4,2,2,21
5/11/21 19:00,5/11/21 19:03,0,174.83.86.144,100,186,1,5/11/21 19:04,R_1pzgme5AlzW7zW4,,,,44.19380188,-72.10939789,email,EN,0,0,4.113,0,0,0,16.624,0,70,5,70,2,5,2,7,6,6,4,1,3,2,2,6,1,1,1,5,5,6,1,5,2,5,4,6,1,5,6,1,6,1,4,2,4,1,1,4,4,1,3,4,1,2,5
5/11/21 19:00,5/11/21 19:06,0,144.121.36.211,100,320,1,5/11/21 19:06,R_2cqrkBEqB9VpGMw,,,,42.31820679,-72.64189911,email,EN,4.597,4.597,17.291,1,0,0,16.944,0,225,3,110,2,3,2,5,3,5,3,2,2,1,1,7,2,1,1,5,5,6,3,6,1,6,4,4,1,5,5,5,6,1,6,1,4,2,2,4,2,1,3,3,2,2,14
5/11/21 19:09,5/11/21 19:12,0,108.195.124.71,100,172,1,5/11/21 19:12,R_1P5fyE0FSpmMXFp,,,,38.59599304,-121.2126999,email,EN,0,0,12.114,0,0,0,18.641,0,180,5,5,5,4,2,2,2,3,3,3,3,4,1,7,1,1,1,5,5,4,5,2,5,3,2,3,2,2,3,3,3,2,3,2,2,1,1,2,2,1,4,4,1,2,13
5/11/21 19:22,5/11/21 19:26,0,144.121.36.209,100,266,1,5/11/21 19:26,R_zT2aa7F77b4OV45,,,,42.31820679,-72.64189911,email,EN,0,0,10.089,0,0,0,7.044,0,5,2,,5,5,2,6,5,5,6,4,5,4,2,5,5,5,5,6,4,5,2,4,1,5,4,4,1,5,4,5,6,1,4,2,3,2,2,3,2,2,3,3,3,2,28
5/10/21 18:02,5/11/21 19:36,0,144.121.36.210,100,92051,1,5/11/21 19:36,R_2wnQh0FuadAreAN,,,,42.31820679,-72.64189911,email,EN,0,0,1.575,0,0,0,194.229,0,120,3,20,5,5,2,4,5,6,4,4,4,4,3,8,4,4,4,3,5,5,4,5,5,4,,3,6,4,4,3,3,5,3,3,2,2,3,2,2,2,2,2,2,1,24
5/11/21 7:35,5/11/21 19:38,0,73.16.58.191,100,43369,1,5/11/21 19:38,R_3OfynqPIpTH9XRx,,,,41.34579468,-72.14730072,email,EN,23.605,23.605,23.635,1,0,0,15.028,0,270,5,270,2,4,2,5,7,6,7,7,7,6,5,8,6,6,6,1,1,3,5,2,6,2,1,2,5,1,2,3,3,2,4,3,2,3,3,2,1,3,2,2,3,2,37
5/11/21 19:37,5/11/21 19:41,0,144.121.36.210,100,236,1,5/11/21 19:41,R_3LiElNZdtDniBuj,,,,42.31820679,-72.64189911,email,EN,0,0,1.931,0,0,0,35.4,0,90,2,20,5,5,2,4,4,4,4,4,4,4,4,5,4,4,3,3,3,3,4,3,1,3,4,3,1,3,3,1,4,1,4,3,2,3,3,2,2,3,2,2,3,2,24
5/11/21 19:32,5/11/21 19:47,0,73.4.6.251,100,945,1,5/11/21 19:47,R_2OZpSuRTjTZHwuv,,,,42.32510376,-72.62760162,email,EN,0,0,14.213,0,0,0,24.632,0,60,3,30,3,4,2,3,4,3,2,2,1,2,3,8,5,2,5,3,3,2,4,2,4,5,5,5,1,3,3,1,6,1,4,2,4,2,2,2,4,2,4,4,2,2,8
5/11/21 19:51,5/11/21 20:00,0,144.121.36.211,100,558,1,5/11/21 20:00,R_2SGBHPX6gzbBZqh,,,,42.31820679,-72.64189911,email,EN,0,0,9.978,0,0,0,16.93,0,270,5,270,4,4,2,3,3,3,2,2,3,2,1,7.75,2,2,2,5,5,5,2,5,3,6,6,5,1,6,6,2,6,1,5,2,3,2,2,3,3,2,3,4,2,2,30
5/11/21 20:34,5/11/21 20:42,0,71.192.38.136,100,471,1,5/11/21 20:42,R_yqBDOmJRam4gKA1,,,,42.31809998,-72.69200134,email,EN,0,0,15.96,0,0,0,25.677,0,3.5,5,3.5,2,3,"1,2",5,3,3,6,3,6,7,5,7.5,3,6,3,2,2,5,5,2,1,4,3,2,1,2,2,1,5,1,3,3,3,2,3,2,1,2,1,2,3,2,6
5/11/21 20:48,5/11/21 20:59,0,73.68.117.133,100,659,1,5/11/21 20:59,R_eCHUTmwxtCbVgSR,,,,42.36540222,-72.46710205,email,EN,0,0,15.585,0,0,0,30.366,0,200,5,95,4,3,"1,2",7,5,7,6,4,7,7,5,6,1,1,1,7,2,3,3,3,5,5,3,3,1,3,3,2,4,1,3,3,2,2,3,3,1,2,1,3,2,2,4
5/11/21 21:02,5/11/21 21:08,0,174.204.70.93,100,383,1,5/11/21 21:08,R_2aKMoQccT802G7B,,,,47.62950134,-122.3164978,email,EN,1.893,1.893,12.78,1,16.654,16.654,16.659,1,420,2,60,3,5,2,4,4,5,4,3,4,3,3,7,3,2,2,5,5,5,2,4,1,5,5,5,1,4,4,1,4,2,3,2,2,2,2,3,3,2,3,3,2,2,38
5/11/21 21:02,5/11/21 21:16,0,144.121.36.210,100,816,1,5/11/21 21:16,R_SZQT7kKAAI9sEDL,,,,42.31820679,-72.64189911,email,EN,0,0,12.513,0,0,0,24.878,0,600,5,600,2,4,"2,3",6,5,6,6,3,4,5,4,7.5,7,5,7,2,2,2,6,3,7,3,3,3,4,1,1,6,2,4,1,3,3,3,4,1,1,2,1,2,4,2,25
5/11/21 19:38,5/11/21 21:19,0,73.16.58.191,100,6100,1,5/11/21 21:19,R_1msy5o1d57QWG6d,,,,41.34579468,-72.14730072,email,EN,0,0,158.171,0,0,0,52.645,0,210,5,210,2,4,2,7,7,6,5,4,5,5,3,10,3,5,5,4,4,3,3,2,6,5,2,4,1,2,3,4,5,1,3,3,3,4,3,4,1,4,3,2,4,1,37
5/12/21 6:42,5/12/21 6:50,0,71.192.26.187,100,461,1,5/12/21 6:50,R_1l0ssWYGwEbyR2S,,,,42.32510376,-72.62760162,email,EN,0,0,12.462,0,0,0,18.506,0,90,5,70,5,5,2,4,1,3,1,2,2,2,1,6,1,1,1,7,7,5,3,2,2,7,3,5,1,5,7,1,4,1,3,2,3,2,1,3,3,1,4,4,2,2,3
5/12/21 7:04,5/12/21 7:09,0,144.121.36.210,100,316,1,5/12/21 7:09,R_1XjaLo3ENK8bXAB,,,,42.31820679,-72.64189911,email,EN,0,0,10.358,0,0,0,17.293,0,255,3,100,5,5,2,2,2,2,2,1,3,2,1,7.5,1,1,1,7,6,6,2,6,1,6,6,6,1,6,6,3,6,1,6,2,3,2,2,3,3,2,2,3,2,2,22
5/12/21 6:02,5/12/21 7:22,0,50.199.214.76,100,4850,1,5/12/21 7:22,R_1pVXKYpZ7oEcPHc,,,,42.39070129,-71.13490295,email,EN,7.578,7.578,8.99,1,0,0,16.221,0,70,3,100,3,4,"1,2",4,4,3,3,1,4,1,1,4,2,1,1,6,7,5,5,5,4,6,5,3,1,5,5,2,5,1,7,1,2,1,2,4,2,1,3,4,2,2,18
5/12/21 9:17,5/12/21 9:20,0,144.121.36.212,100,193,1,5/12/21 9:20,R_3CAUBLeQccoYmCf,,,,42.31820679,-72.64189911,email,EN,3.025,3.025,13.454,1,0,0,15.281,0,180,5,180,5,5,"1,2",4,5,5,4,5,5,7,3,5,1,1,1,5,5,5,6,5,4,5,6,3,3,5,5,4,3,1,3,3,2,2,3,2,2,3,2,2,3,2,23
5/12/21 9:30,5/12/21 9:34,0,71.192.26.103,100,214,1,5/12/21 9:34,R_1rcvyDHzwY1TZB6,,,,42.32510376,-72.62760162,email,EN,0,0,14.664,0,0,0,28.89,0,120,5,120,4,5,"1,2",4,3,3,3,4,3,6,4,9,1,1,1,4,4,4,4,2,3,5,5,4,1,4,4,1,4,1,4,3,2,2,3,4,2,2,2,3,2,2,35
5/12/21 18:02,5/12/21 18:05,0,174.83.86.144,100,169,1,5/12/21 18:05,R_2V7UUQCBj6MDJ5d,,,,44.19380188,-72.10939789,email,EN,0,0,1.357,0,0,0,12.85,0,100,5,100,2,4,"2,3",4,3,3,5,1,4,3,2,7,1,1,1,6,6,7,2,7,2,6,6,6,1,5,5,1,5,1,5,1,4,1,1,3,4,1,3,4,2,3,5
5/12/21 18:01,5/12/21 18:06,0,131.191.66.214,100,275,1,5/12/21 18:06,R_UhFovUVK6hY0zrX,,,,47.28500366,-122.5036011,email,EN,0,0,7.584,0,0,0,13.175,0,180,2,45,3,5,2,2,2,1,1,1,1,1,1,7,2,2,2,5,5,5,1,5,1,5,5,5,1,5,5,1,5,1,5,2,3,2,2,3,3,2,3,3,2,3,38
5/12/21 18:01,5/12/21 18:06,0,144.121.36.212,100,282,1,5/12/21 18:06,R_Dq0tutCTujjNCaB,,,,42.31820679,-72.64189911,email,EN,0,0,15.89,0,0,0,15.6,0,210,4,190,4,4,2,1,2,2,3,1,1,1,2,7.5,1,1,1,6,6,6,1,7,1,7,7,6,1,6,6,2,7,1,6,2,2,2,2,3,3,2,3,3,2,3,22
5/12/21 18:03,5/12/21 18:06,0,24.3.161.210,100,216,1,5/12/21 18:06,R_1jeKzTQ8mcvT5wH,,,,40.56619263,-79.70780182,email,EN,0,0,10.743,0,0,0,13.535,0,75,1,0,5,4,2,5,5,5,4,2,5,4,2,9,2,2,2,4,4,4,4,4,2,4,4,4,1,3,3,2,4,1,4,2,3,2,2,2,2,2,3,3,2,3,1
5/12/21 18:04,5/12/21 18:07,0,71.192.24.106,100,171,1,5/12/21 18:07,R_A4KrO0m8JIzeScN,,,,42.31809998,-72.69200134,email,EN,1.286,1.286,1.675,1,0,0,1.504,0,70,5,70,4,4,2,5,1,5,5,4,5,1,2,8,5,1,5,3,4,3,1,5,1,7,2,5,1,2,2,1,2,1,2,2,3,2,1,4,3,2,3,3,1,3,34
5/12/21 18:01,5/12/21 18:07,0,108.51.20.237,100,385,1,5/12/21 18:07,R_1n2CNK6h11VQtdK,,,,39.10899353,-77.24890137,email,EN,0,0,2.113,0,0,0,2.465,0,200,4,60,4,5,"2,3",7,5,5,4,2,7,3,3,6,2,2,1,5,4,3,2,4,1,3,2,5,1,2,3,1,4,1,3,3,2,2,3,3,1,3,2,2,3,2,10
5/12/21 18:07,5/12/21 18:10,0,144.121.36.209,100,187,1,5/12/21 18:10,R_1PRVASj0R7f7xbq,,,,42.31820679,-72.64189911,email,EN,0,0,7.703,0,0,0,21.428,0,0,5,0,5,5,,1,1,1,1,1,2,1,1,9,1,1,1,1,1,1,1,1,1,1,1,1,1,1,1,1,1,1,6,2,3,1,2,3,3,2,3,4,1,3,36
5/12/21 18:08,5/12/21 18:13,0,144.121.36.210,100,275,1,5/12/21 18:13,R_Rz8jw1N1WLpLurT,,,,42.31820679,-72.64189911,email,EN,0,0,10.3,0,0,0,17.399,0,210,5,210,2,4,2,2,3,2,3,2,1,2,1,6.9,2,3,2,4,3,3,4,3,2,4,2,5,1,3,3,3,4,1,5,2,3,2,1,4,3,2,2,4,2,3,11
5/12/21 18:09,5/12/21 18:15,0,73.186.114.149,100,382,1,5/12/21 18:15,R_2e2wI1H6p1IGbCC,,,,43.03610229,-72.50779724,email,EN,0,0,18.427,0,0,0,20.951,0,85,2,15,4,5,2,1,1,2,1,1,1,2,1,9.5,1,1,1,6,7,4,2,2,3,5,5,5,1,6,6,1,6,1,6,2,4,2,2,3,4,2,2,4,2,3,2
5/12/21 18:07,5/12/21 18:21,0,108.51.20.237,100,810,1,5/12/21 18:21,R_22RqddsFFE5bDW0,,,,39.10899353,-77.24890137,email,EN,0,0,1.17,0,0,0,0.899,0,195,2,40,4,4,2,4,2,2,4,2,5,2,1,5,2,1,1,6,6,5,1,6,1,5,6,6,1,4,5,1,7,1,6,2,4,2,3,3,2,2,2,3,1,3,10
5/12/21 18:19,5/12/21 18:22,0,108.195.124.71,100,171,1,5/12/21 18:22,R_2QlEnrqSRjaq1B9,,,,38.59599304,-121.2126999,email,EN,3.302,3.302,9.284,1,0,0,17.885,0,90,5,7,4,4,2,4,5,5,3,3,5,3,4,7,1,1,1,4,4,3,4,2,2,5,4,3,1,3,4,3,4,2,2,3,4,2,2,2,2,1,4,4,2,3,13
5/12/21 18:22,5/12/21 18:26,0,144.121.36.211,100,240,1,5/12/21 18:26,R_2Pqj42HPXOdNzHH,,,,42.31820679,-72.64189911,email,EN,0,0,12.201,0,0,0,14.04,0,75,1,0,5,5,2,5,6,5,4,1,6,3,3,6,7,7,7,1,4,5,2,2,2,4,4,4,1,4,4,3,3,1,2,3,2,3,3,2,1,2,2,1,3,3,14
5/12/21 18:26,5/12/21 18:30,0,144.121.36.210,100,257,1,5/12/21 18:30,R_3qyPSLsVM5xkGd8,,,,42.31820679,-72.64189911,email,EN,0,0,10.027,0,0,0,12.9,0,3,3,75,5,3,"1,2",5,3,4,4,1,3,5,5,6,2,2,1,6,5,6,1,5,1,5,5,3,2,6,4,3,5,1,3,2,3,2,3,4,3,3,1,2,3,3,19
5/12/21 18:37,5/12/21 18:42,0,73.29.94.73,100,299,1,5/12/21 18:42,R_26g9WxjTJeDhFtF,,,,40.61050415,-74.28130341,email,EN,0,0,11.785,0,0,0,15.115,0,180,4,120,4,5,"2,3",4,4,4,5,4,5,5,5,6,6,7,7,2,2,2,6,5,2,4,3,3,1,2,2,2,4,1,3,2,2,2,2,3,2,2,2,2,2,3,40
5/12/21 19:00,5/12/21 19:05,0,144.121.36.209,100,326,1,5/12/21 19:05,R_1MVYfvAAdbD8lsb,,,,42.31820679,-72.64189911,email,EN,0,0,8.948,0,0,0,16.292,0,70,5,70,3,3,2,3,2,2,4,2,3,1,1,7.5,1,1,1,5,5,5,2,5,3,5,5,5,1,4,4,2,5,1,5,2,3,2,2,3,2,2,3,3,2,3,16
5/12/21 19:05,5/12/21 19:09,0,144.121.36.211,100,215,1,5/12/21 19:09,R_1mfTrF96iXzKP4n,,,,42.31820679,-72.64189911,email,EN,0,0,13.42,0,0,0,15.828,0,70,4,40,4,4,2,3,4,3,3,4,3,4,1,9,2,4,2,6,6,6,2,7,2,7,7,7,1,7,7,3,6,1,5,2,3,2,3,2,3,2,3,3,2,3,31
5/12/21 19:22,5/12/21 19:27,0,144.121.36.211,100,278,1,5/12/21 19:27,R_1pnjOUyRxOQbHgG,,,,42.31820679,-72.64189911,email,EN,0,0,8.497,0,0,0,16.637,0,85,5,85,4,4,2,2,3,2,2,2,1,2,1,6.5,1,1,1,7,6,5,2,5,2,6,6,5,1,6,6,2,,1,6,2,4,2,2,4,4,2,3,4,2,3,30
5/12/21 19:36,5/12/21 19:43,0,144.121.36.209,100,435,1,5/12/21 19:43,R_1lxAgeaDPcX9pYz,,,,42.31820679,-72.64189911,email,EN,0,0,16.579,0,0,0,21.871,0,480,5,480,1,5,2,5,6,5,6,1,7,3,3,6.5,7,7,7,2,3,3,7,3,5,4,4,3,1,4,3,7,2,2,6,2,3,2,2,2,3,2,2,3,2,3,25
5/12/21 19:48,5/12/21 19:52,0,144.121.36.209,100,220,1,5/12/21 19:52,R_339CLI56pELrDwf,,,,42.31820679,-72.64189911,email,EN,0,0,8.718,0,0,0,12.339,0,9,4,360,4,5,"2,3",3,1,2,2,1,1,3,1,11,1,3,1,6,6,4,3,4,3,3,1,4,1,4,4,2,2,1,3,2,4,2,1,4,3,2,2,4,2,3,39
5/12/21 20:05,5/12/21 20:08,0,207.102.106.142,100,161,1,5/12/21 20:08,R_bfGGCeJDunJXSXT,,,,49.27740479,-122.7624969,email,EN,0,0,6.639,0,0,0,8.059,0,,5,300,3,5,2,5,3,4,3,3,3,4,3,8.5,1,1,1,4,4,5,4,5,2,4,4,4,1,3,3,1,4,1,3,,3,2,2,3,3,2,2,3,2,3,26
5/12/21 20:10,5/12/21 20:16,0,47.154.16.189,100,333,1,5/12/21 20:16,R_Pvo1UK1q2rFaF1L,,,,34.03849792,-118.5050964,email,EN,4.64,4.64,7.92,1,0,0,15.285,0,315,5,315,4,4,2,3,1,1,1,1,2,1,1,4.75,1,1,1,5,5,5,2,5,3,5,3,3,1,4,4,1,5,1,4,2,3,2,2,2,3,2,3,3,2,3,41
5/12/21 20:19,5/12/21 20:24,0,73.16.58.191,100,323,1,5/12/21 20:24,R_3rN7GUDzOeqGM4x,,,,41.34579468,-72.14730072,email,EN,0,0,15.884,0,0,0,28.649,0,210,4,200,3,4,2,4,4,4,3,2,2,3,2,7,3,3,4,3,3,4,2,2,3,4,3,3,1,3,3,1,5,1,5,2,2,2,3,3,2,2,3,3,2,3,37
5/12/21 8:14,5/12/21 22:01,0,144.121.36.209,100,49599,1,5/12/21 22:01,R_1jVXJoMcBTxUR99,,,,42.31820679,-72.64189911,email,EN,0,0,17.479,0,0,0,33.604,0,240,2,300,3,5,"1,2,3",6,4,5,5,5,4,7,5,7,3,2,2,5,5,4,3,3,2,3,3,3,1,4,4,4,5,1,4,2,3,2,2,,2,2,2,3,3,4,20
5/12/21 23:13,5/12/21 23:21,0,71.235.92.231,100,466,1,5/12/21 23:21,R_1q8TtFqeSDiR5ky,,,,41.53619385,-72.08329773,email,EN,0,0,12.678,0,0,0,30.073,0,180,5,90,2,3,2,4,2,2,2,2,3,3,2,5,1,1,1,4,4,4,3,4,1,6,3,4,1,5,6,1,3,1,5,2,4,2,2,4,4,2,3,4,2,3,32
5/12/21 21:40,5/12/21 23:34,0,71.192.26.187,100,6834,1,5/12/21 23:34,R_2Ep0or0lUkH5fNh,,,,42.32510376,-72.62760162,email,EN,0,0,10.698,0,0,0,19.355,0,210,5,160,3,3,2,4,3,3,1,2,2,1,1,6.5,1,1,1,5,7,3,4,3,5,4,5,2,1,3,6,1,3,1,5,2,4,1,1,4,4,1,4,4,1,3,3
5/12/21 21:39,5/13/21 0:04,0,144.121.36.210,100,8716,1,5/13/21 0:04,R_2B4JzdodAI4R7um,,,,42.31820679,-72.64189911,email,EN,0,0,1.746,0,0,0,0.913,0,120,3,60,4,4,2,3,4,4,4,4,3,1,1,4,2,4,3,4,4,4,4,3,1,3,3,4,1,4,4,1,4,1,4,2,3,2,2,3,2,2,2,3,2,3,24
5/13/21 6:03,5/13/21 6:07,0,144.121.36.209,100,249,1,5/13/21 6:07,R_1jP2p1WMYgI8XQi,,,,42.31820679,-72.64189911,email,EN,0,0,6.549,0,0,0,13.668,0,5,1,,5,5,2,6,6,5,6,4,6,4,2,5,5,5,5,6,6,7,2,5,1,4,5,5,1,4,5,4,5,1,4,2,2,2,3,2,2,2,2,3,2,3,28
5/13/21 7:34,5/13/21 7:40,0,73.68.117.133,100,352,1,5/13/21 7:40,R_2wzw4VOI1IYJJ1J,,,,42.36540222,-72.46710205,email,EN,0,0,4.823,0,0,0,1.566,0,175,5,125,4,5,2,3,1,1,3,1,1,2,1,8,1,1,1,7,4,3,1,4,1,5,3,3,2,3,3,2,3,1,7,1,4,2,2,3,3,2,3,3,2,3,4
5/12/21 18:25,5/13/21 7:53,0,73.89.160.242,100,48529,1,5/13/21 7:53,R_1GOovqYIYlwNagB,,,,42.32510376,-72.62760162,email,EN,0,0,8.788,0,0,0,16.978,0,105,3,30,3,4,"2,3",4,5,5,5,3,5,3,3,7,3,2,2,2,4,5,4,5,3,5,5,4,1,4,4,5,4,1,6,2,3,2,2,3,3,2,3,4,2,3,9
5/13/21 8:35,5/13/21 8:41,0,125.179.84.26,100,318,1,5/13/21 8:41,R_3rIINXuBn5BAnrK,,,,36.63870239,127.4702148,email,EN,0,0,11.528,0,0,0,19.678,0,150,2,40,3,5,2,3,3,1,3,3,2,1,1,7,3,2,2,5,6,5,4,4,2,5,4,4,1,5,5,1,5,1,5,3,2,3,2,2,2,3,2,2,3,3,21
5/13/21 9:25,5/13/21 9:31,0,144.121.36.211,100,367,1,5/13/21 9:31,R_27BfUy6pNYBEA5p,,,,42.31820679,-72.64189911,email,EN,0,0,12.876,0,0,0,22.383,0,4,4,3,1,4,"1,2,3",7,6,6,6,3,6,7,3,7,7,7,7,3,3,5,6,2,2,4,4,3,1,3,2,1,7,1,3,3,2,3,3,2,1,3,2,2,3,3,6
5/13/21 12:10,5/13/21 12:18,0,107.117.160.7,100,494,1,5/13/21 12:18,R_2fBRKhiISD4EenE,,,,42.35620117,-71.06310272,email,EN,0,0,6.939,0,0,0,9.735,0,255,5,255,4,4,2,5,5,5,5,4,5,5,3,8,3,3,3,5,5,4,2,4,2,4,4,4,1,5,5,1,5,1,5,2,3,2,3,3,3,2,2,2,3,3,7
5/12/21 11:40,5/13/21 13:31,0,144.121.36.211,100,93065,1,5/13/21 13:31,R_31AgQFkmL9Tbpiq,,,,42.31820679,-72.64189911,email,EN,0,0,12.04,0,0,0,14.214,0,560,5,430,2,4,"2,3",3,5,5,5,5,3,5,3,5,1,1,1,6,6,7,1,6,1,6,6,6,1,6,6,1,7,1,5,1,3,1,1,2,3,,3,4,1,2,12
5/12/21 23:49,5/13/21 13:35,0,144.121.36.211,100,49504,1,5/13/21 13:35,R_28AL5RgKsRvPVmC,,,,42.31820679,-72.64189911,email,EN,0,0,3.492,0,10.794,10.794,11.336,1,560,5,560,2,5,"2,3",5,5,4,4,5,4,3,4,5,1,1,1,7,7,7,1,7,1,7,7,7,1,7,7,1,7,1,6,1,4,1,1,3,2,1,1,3,1,3,12
5/13/21 14:13,5/13/21 14:18,0,73.4.6.251,100,291,1,5/13/21 14:18,R_3oAYyYTFQQPUZmb,,,,42.32510376,-72.62760162,email,EN,0,0,9.851,0,0,0,32.383,0,150,3,75,4,3,1,4,3,3,2,2,3,4,1,6,2,1,1,3,5,4,3,5,3,5,5,5,1,4,3,1,6,1,4,2,4,2,2,3,3,2,3,4,2,3,8
5/13/21 18:01,5/13/21 18:05,0,144.121.36.209,100,236,1,5/13/21 18:05,R_21EtmNTHmN8uyPe,,,,42.31820679,-72.64189911,email,EN,0,0,3.057,0,0,0,26.332,0,150,5,75,4,4,2,2,3,1,3,2,2,1,1,8,1,5,1,6,6,6,3,5,2,6,5,5,1,6,5,1,6,1,5,2,4,2,2,4,3,2,3,4,2,4,36
5/13/21 18:06,5/13/21 18:09,0,174.83.86.144,100,147,1,5/13/21 18:09,R_31FocrvxSyktkYl,,,,44.19380188,-72.10939789,email,EN,0,0,1.544,0,0,0,3.146,0,70,5,70,2,4,2,4,4,3,4,1,3,3,2,7,1,1,1,5,6,5,2,4,3,5,4,5,1,5,5,1,6,1,5,1,4,1,1,4,4,1,4,4,1,4,5
5/13/21 18:07,5/13/21 18:10,0,24.3.161.210,100,217,1,5/13/21 18:10,R_1q21rTrOHmRvcNY,,,,40.56619263,-79.70780182,email,EN,0,0,10.823,0,0,0,13.948,0,150,3,70,2,4,2,3,3,2,3,2,1,2,1,8,4,5,4,4,5,5,4,5,2,6,5,5,1,6,6,2,6,1,5,2,3,2,2,3,3,2,3,3,2,4,1
5/13/21 18:06,5/13/21 18:11,0,144.121.36.210,100,350,1,5/13/21 18:11,R_2xyFFSuKPpSZLYS,,,,42.31820679,-72.64189911,email,EN,0,0,12.113,0,0,0,15.394,0,160,5,160,2,4,2,1,3,5,5,1,3,3,3,7.5,5,2,5,4,3,3,5,3,4,5,2,5,1,4,3,3,5,1,5,2,2,2,2,3,3,,2,3,2,4,11
5/13/21 18:10,5/13/21 18:12,0,108.195.124.71,100,146,1,5/13/21 18:12,R_2YJ0UpwzMVy3yYq,,,,38.59599304,-121.2126999,email,EN,0,0,8.78,0,0,0,16.05,0,270,5,10,3,4,2,2,2,2,2,2,3,1,2,7,1,1,1,4,3,2,6,3,4,2,4,4,3,3,4,5,2,2,3,1,4,1,1,4,4,1,1,4,1,4,13
5/13/21 18:08,5/13/21 18:13,0,144.121.36.211,100,268,1,5/13/21 18:13,R_1K7IIE66Eho6gJY,,,,42.31820679,-72.64189911,email,EN,0,0,12.951,0,0,0,20.514,0,90,1,90,3,4,2,3,5,2,5,5,4,1,1,8,3,3,5,5,6,3,4,1,4,2,2,1,1,5,2,1,4,1,5,2,2,2,2,3,2,2,2,3,2,4,29
5/13/21 18:12,5/13/21 18:14,0,207.102.106.142,100,140,1,5/13/21 18:14,R_2ruNDAe5EBMKRPK,,,,49.27740479,-122.7624969,email,EN,0,0,5.561,0,0,0,7.8,0,,4,300,4,5,2,3,3,3,2,2,2,3,2,5.5,1,1,1,1,1,5,3,4,2,5,5,5,2,4,4,2,6,1,5,2,3,2,2,3,3,2,3,3,2,4,26
5/13/21 18:18,5/13/21 18:24,0,73.16.58.191,100,343,1,5/13/21 18:24,R_2sS9gAo4dcuFcix,,,,41.34579468,-72.14730072,email,EN,0,0,19.39,0,0,0,31.53,0,330,5,330,3,2,2,7,5,5,5,3,6,6,7,8,4,5,4,2,2,4,3,2,5,2,3,3,1,3,3,1,4,1,1,4,1,4,4,4,1,3,3,2,3,4,37
5/13/21 18:20,5/13/21 18:24,0,73.29.94.73,100,243,1,5/13/21 18:24,R_3eqA73rwl3OP7Qr,,,,40.61050415,-74.28130341,email,EN,0,0,13.66,0,0,0,17.833,0,95,1,22,5,4,"2,3",2,2,2,3,2,3,3,2,6.5,3,3,2,5,5,5,3,5,2,6,6,6,1,6,5,2,4,1,5,2,3,2,2,3,3,2,3,3,2,4,40
5/13/21 18:19,5/13/21 18:25,0,144.121.36.211,100,341,1,5/13/21 18:25,R_22Jv1rWmyNMb3aq,,,,42.31820679,-72.64189911,email,EN,0,0,12.697,0,0,0,18.86,0,180,5,180,4,4,2,3,3,2,2,1,2,2,1,8,1,2,1,6,6,5,2,5,2,7,7,6,1,6,6,2,5,1,6,2,4,2,2,4,4,2,4,4,2,4,30
5/13/21 18:30,5/13/21 18:36,0,73.186.114.149,100,361,1,5/13/21 18:36,R_3qZERvmdFmH8d3z,,,,43.03610229,-72.50779724,email,EN,0,0,12.076,0,0,0,25.08,0,190,4,80,4,5,2,4,3,3,2,1,3,2,1,6?,2,2,2,5,4,5,3,3,1,4,5,3,1,3,2,3,3,1,5,2,3,2,2,4,3,2,2,4,2,4,2
5/13/21 18:32,5/13/21 18:36,0,144.121.36.211,100,277,1,5/13/21 18:36,R_2e4l77TJ8HbvLx0,,,,42.31820679,-72.64189911,email,EN,0,0,14.299,0,0,0,23.901,0,3.5,2,1,2,3,2,7,5,7,3,2,6,7,1,7,7,7,7,2,2,3,5,1,4,4,3,2,1,2,2,4,5,1,4,3,2,3,3,2,2,3,2,2,3,4,6
5/13/21 18:39,5/13/21 18:51,0,144.121.36.209,100,743,1,5/13/21 18:51,R_2aWxe2NV6QTxUiQ,,,,42.31820679,-72.64189911,email,EN,0,0,11.058,0,0,0,24.033,0,70,5,35,2,3,2,1,2,1,1,1,2,1,1,6.75,1,1,1,5,4,4,5,4,4,4,4,5,1,4,4,3,5,1,5,2,2,2,3,3,2,2,3,2,2,4,16
5/13/21 19:06,5/13/21 19:09,0,144.121.36.211,100,176,1,5/13/21 19:09,R_1o6cSI9VuhgMapt,,,,42.31820679,-72.64189911,email,EN,0,0,0.749,0,0,0,0.528,0,75,1,0,5,5,2,1,1,1,1,1,1,1,1,7,3,3,3,4,4,4,1,3,1,3,3,3,1,4,5,1,4,1,4,2,3,3,3,3,2,2,2,2,2,4,24
5/13/21 19:08,5/13/21 19:13,0,144.121.36.209,100,315,1,5/13/21 19:13,R_2wFAUY6XDCvFMDD,,,,42.31820679,-72.64189911,email,EN,0,0,11.196,0,0,0,20.31,0,240,5,240,2,5,"1,2,3",7,6,6,5,1,7,6,6,8,7,7,7,2,2,2,7,2,7,5,1,3,1,1,1,7,1,5,2,3,2,3,3,1,2,3,2,1,3,4,25
5/13/21 19:12,5/13/21 19:19,0,144.121.36.211,100,376,1,5/13/21 19:19,R_3Lc09gYRPYjyF71,,,,42.31820679,-72.64189911,email,EN,0,0,9.892,0,0,0,25.971,0,300,3,170,2,3,2,6,6,7,5,6,7,6,4,7.5,5,5,5,4,4,3,5,5,3,5,5,2,1,5,5,3,3,1,2,2,3,2,4,3,2,2,3,3,2,4,31
5/13/21 19:20,5/13/21 19:24,0,50.199.214.76,100,284,1,5/13/21 19:24,R_agyOgJizZC3Ytb3,,,,42.39070129,-71.13490295,email,EN,0,0,5.914,0,0,0,14.775,0,50,1,50,5,5,2,4,5,3,2,1,3,1,1,12,1,1,1,5,3,4,3,3,3,4,5,4,1,5,4,3,5,1,4,2,3,2,3,2,3,2,3,3,2,4,18
5/13/21 19:22,5/13/21 19:26,0,71.192.24.106,100,219,1,5/13/21 19:26,R_1cZDXd0dhs5MTZh,,,,42.31809998,-72.69200134,email,EN,0,0,0.461,0,0,0,1.11,0,300,5,300,5,4,2,7,5,5,3,1,5,3,1,8,7,7,7,4,4,3,2,1,3,5,3,4,1,2,2,1,3,1,3,2,3,2,2,4,3,1,3,3,2,4,34
5/13/21 19:26,5/13/21 19:31,0,107.117.160.100,100,295,1,5/13/21 19:31,R_3rYDTlAYLP4cKpg,,,,42.35620117,-71.06310272,email,EN,0,0,8.099,0,0,0,10.468,0,150,3,120,5,5,2,5,5,5,6,4,6,6,5,7.5,4,5,4,5,4,3,6,4,6,4,3,2,1,5,5,6,6,1,5,2,2,2,3,3,2,2,2,2,3,4,7
5/13/21 19:25,5/13/21 19:32,0,50.199.214.76,100,430,1,5/13/21 19:32,R_pm8P1nvZppyLa01,,,,42.39070129,-71.13490295,email,EN,0,0,6.357,0,0,0,11.354,0,260,1,260,5,5,"1,2",5,5,7,2,1,2,1,1,2,1,1,1,6,5,4,5,3,4,4,4,2,,1,4,3,5,1,6,1,4,1,1,4,3,1,1,4,1,3,18
5/13/21 19:30,5/13/21 19:32,0,144.121.36.212,100,163,1,5/13/21 19:32,R_7TZK8QUkiYMYXL3,,,,42.31820679,-72.64189911,email,EN,0,0,8.82,0,0,0,16.449,0,160,5,160,5,4,2,3,3,4,3,3,3,4,2,7,1,1,1,6,6,6,5,7,2,7,7,5,1,7,7,3,4,1,4,2,3,2,3,3,3,2,3,3,2,4,23
5/13/21 19:33,5/13/21 19:36,0,144.121.36.212,100,177,1,5/13/21 19:36,R_1eIRWdYbxsB3nYK,,,,42.31820679,-72.64189911,email,EN,0,0,10.787,0,0,0,16.026,0,150,5,150,5,4,2,5,4,5,5,5,5,5,3,4,1,1,1,4,4,5,3,4,3,5,4,4,1,4,4,7,4,1,5,1,4,1,1,4,4,1,4,4,1,3,23
5/13/21 19:38,5/13/21 19:46,0,144.121.36.210,100,441,1,5/13/21 19:46,R_25XuT7jEdUaJepC,,,,42.31820679,-72.64189911,email,EN,0,0,9.278,0,0,0,15.154,0,150,5,75,5,4,2,5,5,4,4,3,3,5,4,6,5,3,5,2,3,3,4,3,3,4,2,5,1,4,5,2,5,1,3,3,4,2,1,3,2,2,3,4,2,4,19
5/13/21 19:50,5/13/21 19:54,0,73.68.117.133,100,231,1,5/13/21 19:54,R_1l4qsSYe48tFnIv,,,,42.36540222,-72.46710205,email,EN,0,0,1.375,0,0,0,3.466,0,150,5,100,4,5,"1,2",3,3,5,3,4,3,2,1,9,1,1,1,7,6,6,2,4,3,5,2,6,1,5,5,4,7,1,5,1,3,2,2,3,3,2,3,3,1,4,4
5/13/21 20:32,5/13/21 21:01,0,108.51.20.237,100,1721,1,5/13/21 21:01,R_3hhx5OjvZtB3Lhm,,,,39.10899353,-77.24890137,email,EN,0,0,1.427,0,0,0,364.443,0,150,3,40,4,5,2,5,7,4,5,3,7,5,2,3,2,2,2,4,5,5,2,5,2,5,4,5,1,3,5,2,5,1,4,3,3,3,2,2,2,2,2,2,3,4,10
5/13/21 21:04,5/13/21 21:09,0,47.154.16.189,100,300,1,5/13/21 21:09,R_3e44Y6RsQkpRpMS,,,,34.03849792,-118.5050964,email,EN,0,0,1.25,0,0,0,0.926,0,225,5,120,5,4,2,7,3,5,3,3,4,3,1,6.5,3,1,2,4,5,5,3,5,2,5,2,2,1,4,4,3,5,1,3,3,2,2,3,2,3,2,3,3,3,4,41
5/13/21 21:53,5/13/21 21:58,0,125.179.84.26,100,305,1,5/13/21 21:58,R_3qmoS8jUC3PQdds,,,,36.63870239,127.4702148,email,EN,0,0,11.767,0,0,0,16.657,0,80,1,0,5,5,2,3,1,1,3,2,3,3,1,7,2,1,2,6,7,4,4,3,4,5,4,5,1,5,5,2,3,2,2,3,2,3,3,2,1,3,3,2,3,4,21
5/13/21 22:30,5/13/21 22:35,0,144.121.36.211,100,241,1,5/13/21 22:35,R_2uHYHrlhrhyKiyS,,,,42.31820679,-72.64189911,email,EN,0,0,11.341,0,0,0,13.419,0,150,5,120,4,3,2,2,2,3,2,1,3,1,1,5.5,1,1,1,6,6,6,2,5,1,6,5,6,1,6,6,2,7,1,6,1,3,2,2,3,3,2,2,3,3,4,14
5/14/21 3:47,5/14/21 4:14,0,144.121.36.209,100,1609,1,5/14/21 4:14,R_sjuvZzPkVkaq6s1,,,,42.31820679,-72.64189911,email,EN,0,0,13.709,0,0,0,16.839,0,180,3,,4,4,2,5,4,5,4,4,5,4,2,5.5,3,2,2,5,6,5,1,5,2,5,6,6,1,5,5,4,5,1,6,2,3,2,2,3,2,2,3,3,2,4,28
5/14/21 6:19,5/14/21 6:22,0,71.235.92.231,100,218,1,5/14/21 6:22,R_1LA3o7u2Y5P3qtn,,,,41.53619385,-72.08329773,email,EN,0,0,7.97,0,0,0,20.606,0,240,5,240,2,1,2,3,1,1,1,1,1,2,1,5,1,1,1,6,5,6,2,5,1,6,5,5,1,7,7,3,5,1,5,1,3,1,1,4,4,1,3,4,2,4,32
5/13/21 18:49,5/14/21 8:00,0,73.89.160.242,100,47424,1,5/14/21 8:00,R_sF2jolBIpY54V6F,,,,42.32510376,-72.62760162,email,EN,0,0,5.476,0,0,0,20.366,0,205,2,40,3,3,"2,3",5,5,5,5,4,5,5,4,7,3,2,3,4,3,3,5,3,4,3,3,3,1,4,3,5,5,1,4,2,1,3,3,2,2,3,2,2,3,4,9
5/14/21 8:16,5/14/21 8:19,0,24.22.180.110,100,203,1,5/14/21 8:19,R_1pu6vPpRXfhl9AE,,,,47.6631012,-122.3029022,email,EN,0,0,7.243,0,0,0,13.418,0,150,2,50,3,5,"2,3",2,4,2,2,2,2,2,3,7,3,3,2,5,5,4,1,4,1,4,4,4,1,4,4,1,4,1,4,2,3,2,2,3,3,2,3,3,2,4,38
5/14/21 9:23,5/14/21 9:26,0,71.192.26.103,100,157,1,5/14/21 9:26,R_3G9XsNN3pjnGW5B,,,,42.32510376,-72.62760162,email,EN,0,0,15.503,0,14.26,14.26,14.741,1,5,5,5,5,5,"1,2",6,2,3,4,3,5,6,1,7,1,1,1,3,4,3,1,1,1,3,3,3,1,3,4,1,4,1,3,3,2,2,2,3,2,2,2,3,3,3,35
5/14/21 14:44,5/14/21 14:50,0,71.192.26.187,100,352,1,5/14/21 14:50,R_ONbUsjcRrXooMBr,,,,42.32510376,-72.62760162,email,EN,0,0,11.153,0,0,0,16.113,0,160,5,30,5,5,2,4,3,1,1,1,1,5,1,6.5,1,1,1,6,6,4,2,4,2,6,3,6,1,5,6,1,3,1,3,2,3,3,2,1,3,2,4,2,3,4,3
5/14/21 18:01,5/14/21 18:04,0,144.121.36.209,100,214,1,5/14/21 18:04,R_2QfimbxbW4DXF5A,,,,42.31820679,-72.64189911,email,EN,0,0,0.482,0,0,0,0.48,0,,4,120,5,5,2,2,3,2,3,1,1,3,1,12,1,1,1,2,3,1,4,1,4,1,1,3,1,2,2,3,2,1,2,2,1,2,3,3,2,2,1,3,3,5,39
5/14/21 18:03,5/14/21 18:07,0,24.3.161.210,100,232,1,5/14/21 18:07,R_3kaJPFxVbULnF3v,,,,40.56619263,-79.70780182,email,EN,0,0,9.23,0,0,0,17.994,0,75,1,0,5,4,2,3,3,3,3,2,2,3,1,7.5,4,4,4,3,3,5,4,4,2,5,4,6,1,4,4,2,4,1,5,2,3,2,2,3,2,2,3,3,2,5,1
5/14/21 18:04,5/14/21 18:09,0,184.151.230.207,100,288,1,5/14/21 18:09,R_2v19My4vXCCRGgc,,,,49.25840759,-123.1455994,email,EN,0,0,6.423,0,0,0,7.699,0,0,5,0,5,5,,4,4,7,3,2,2,4,1,7,1,1,1,1,1,,,,,,,,,,,,,,3,2,3,2,2,3,3,2,3,3,2,5,26
5/14/21 18:08,5/14/21 18:11,0,144.121.36.211,100,193,1,5/14/21 18:11,R_1MRpSAisE5C0zwz,,,,42.31820679,-72.64189911,email,EN,0,0,8.785,0,20.84,20.84,21.387,1,0,5,0,5,5,,3,2,1,1,1,1,1,1,7.25,1,1,1,1,1,1,1,1,1,1,1,1,1,1,1,1,1,1,6,2,4,2,2,4,4,2,4,4,2,5,30
5/14/21 18:02,5/14/21 18:22,0,144.121.36.210,100,1201,1,5/14/21 18:22,R_2beGxvYI1cso2vD,,,,42.31820679,-72.64189911,email,EN,0,0,8.341,0,0,0,15.732,0,20,5,20,5,,1,3,3,5,3,1,3,1,2,7,5,4,5,3,3,3,5,3,5,5,2,3,1,3,3,4,5,1,3,2,3,2,2,4,2,2,2,3,2,5,11
5/14/21 18:09,5/14/21 18:26,0,144.121.36.209,100,999,1,5/14/21 18:26,R_2wnJLfo46r99ViI,,,,42.31820679,-72.64189911,email,EN,0,0,13.389,0,0,0,22.114,0,180,5,90,3,4,"2,3",2,2,2,3,2,3,2,1,6.5,1,1,1,2,2,4,5,4,3,4,4,4,2,3,3,2,5,1,6,2,3,2,2,3,2,2,3,2,2,5,16
5/14/21 18:28,5/14/21 18:31,0,73.68.117.133,100,171,1,5/14/21 18:31,R_2P0dQHFGitfHCtW,,,,42.36540222,-72.46710205,email,EN,0,0,1.017,0,0,0,0.617,0,40,5,40,2,5,3,3,3,3,4,1,1,1,1,9,1,1,1,7,7,7,1,7,2,7,7,7,1,7,7,1,4,1,7,1,4,1,1,4,4,1,3,3,1,5,4
5/14/21 18:34,5/14/21 18:39,0,144.121.36.210,100,291,1,5/14/21 18:39,R_3JgYXgP0CBnZslU,,,,42.31820679,-72.64189911,email,EN,0,0,9.611,0,0,0,13.027,0,120,5,120,5,3,2,3,2,3,1,2,1,3,1,7,2,1,3,6,7,5,5,4,4,6,6,3,1,7,7,1,7,1,5,2,1,1,1,2,1,2,3,2,2,5,19
5/14/21 18:40,5/14/21 18:44,0,144.121.36.209,100,250,1,5/14/21 18:44,R_2xQ1ohqZmmGnh3p,,,,42.31820679,-72.64189911,email,EN,0,0,13.146,0,0,0,26.773,0,180,5,180,1,4,2,4,4,3,2,1,5,2,2,8,3,3,3,4,4,3,5,4,4,5,5,1,1,4,4,4,3,4,6,2,3,2,1,3,3,2,2,4,2,5,25
5/14/21 18:40,5/14/21 18:46,0,73.186.114.149,100,345,1,5/14/21 18:46,R_cMkUZzF53A3mXCh,,,,43.03610229,-72.50779724,email,EN,0,0,13.467,0,0,0,30.291,0,100,2,10,4,5,"2,3",7,5,4,2,1,4,3,3,6.5,2,3,2,3,4,3,5,1,2,4,4,2,1,2,2,4,1,1,2,2,3,2,2,2,3,3,1,4,3,5,2
5/14/21 18:47,5/14/21 18:50,0,144.121.36.211,100,189,1,5/14/21 18:50,R_s7fE5IF1zoAyW4x,,,,42.31820679,-72.64189911,email,EN,0,0,8.024,0,0,0,15.471,0,0,5,0,5,5,,2,3,3,3,2,2,1,1,8.5,4,4,4,4,4,4,4,4,4,4,4,4,4,4,4,4,4,4,6,2,3,1,2,3,3,1,3,3,2,5,31
5/14/21 18:56,5/14/21 18:58,0,71.192.24.106,100,155,1,5/14/21 18:58,R_1Gv88iozBVTPIRg,,,,42.31809998,-72.69200134,email,EN,0,0,1.441,0,0,0,1.321,0,30,5,30,5,4,"2,3",3,1,3,1,,1,3,1,9,2,2,2,6,5,5,1,4,1,,4,4,1,4,4,1,5,1,5,1,3,1,2,3,4,1,2,3,1,5,34
5/14/21 19:08,5/14/21 19:11,0,71.192.38.136,100,204,1,5/14/21 19:11,R_1pzEpd8y3KFXN4C,,,,42.31809998,-72.69200134,email,EN,0,0,9.153,0,0,0,16.82,0,2,4,1.75,2,3,1,5,7,5,7,1,7,6,7,7,5,5,6,3,4,3,4,4,2,3,3,2,1,3,3,3,5,1,4,3,2,2,3,2,1,3,1,3,3,5,6
5/14/21 19:13,5/14/21 19:22,0,144.121.36.209,100,552,1,5/14/21 19:22,R_2dFMQOwNifOzIvn,,,,42.31820679,-72.64189911,email,EN,0,0,5.284,0,0,0,6.453,0,180,3,,5,3,2,3,3,2,2,3,3,2,1,5,3,1,1,6,6,7,1,6,2,6,5,4,1,5,5,5,6,1,7,2,4,2,2,3,4,1,3,4,2,5,28
5/14/21 20:16,5/14/21 20:19,0,144.121.36.211,100,167,1,5/14/21 20:19,R_2aRApBNZe8Iyo2m,,,,42.31820679,-72.64189911,email,EN,0,0,8.316,0,0,0,21.072,0,0,5,0,5,5,,2,1,1,1,1,1,1,1,7,1,1,1,4,4,4,4,4,4,4,4,4,4,4,4,4,4,4,6,1,3,2,2,4,2,1,2,4,2,5,14
5/14/21 20:41,5/14/21 20:45,0,73.29.94.73,100,202,1,5/14/21 20:45,R_3EEhK2sXjs9B7sH,,,,40.61050415,-74.28130341,email,EN,0,0,8.772,0,19.58,19.58,20.481,1,140,5,140,5,4,2,1,1,2,2,2,2,2,2,6,2,2,2,7,7,6,2,5,2,6,6,6,1,6,6,2,6,1,6,1,4,1,1,4,3,2,2,3,1,5,40
5/14/21 20:47,5/14/21 20:49,0,174.83.86.144,100,118,1,5/14/21 20:49,R_2uR7rvvVkLB6L31,,,,44.19380188,-72.10939789,email,EN,0,0,1.458,0,0,0,1.088,0,0,5,0,5,5,,3,2,4,2,1,2,1,1,8,1,1,1,1,1,1,1,1,1,1,1,1,1,1,1,1,1,1,5,1,4,1,1,4,4,1,3,4,1,5,5
5/14/21 18:15,5/14/21 20:59,0,24.22.180.110,100,9817,1,5/14/21 20:59,R_22KVzPRAeylE1IX,,,,47.6631012,-122.3029022,email,EN,0,0,10.432,0,0,0,10.964,0,50,2,10,3,5,2,1,2,2,2,2,2,2,1,7,2,3,2,5,5,5,1,5,1,5,5,5,1,5,5,1,5,1,4,2,3,2,2,3,3,2,3,3,2,5,38
5/14/21 21:14,5/14/21 21:20,0,73.4.6.251,100,374,1,5/14/21 21:20,R_1IENHMp7ltPu40O,,,,42.32510376,-72.62760162,email,EN,0,0,9.541,0,0,0,22.395,0,85,4,40,4,3,2,3,1,2,2,1,1,1,1,8,5,5,5,1,1,2,5,2,4,4,2,2,1,1,,5,2,1,5,2,4,2,2,3,2,2,3,3,2,4,8
5/14/21 21:20,5/14/21 21:23,0,73.4.6.251,100,182,1,5/14/21 21:23,R_psiIpTKApg8qoSd,,,,42.32510376,-72.62760162,email,EN,0,0,10.693,0,0,0,23.546,0,0,5,0,5,5,,3,1,1,1,1,1,1,1,10.5,1,1,1,1,1,,,,,,,,,,,,,,5,2,4,2,2,4,3,2,3,4,2,5,8
5/14/21 21:38,5/14/21 21:42,0,47.154.16.189,100,231,1,5/14/21 21:42,R_BAiHWNOql4cxqzn,,,,34.03849792,-118.5050964,email,EN,0,0,11.701,0,0,0,14.022,0,195,5,195,4,4,2,1,1,1,1,2,1,1,1,6.75,1,1,1,6,6,5,4,7,2,5,5,4,1,6,5,2,5,1,7,2,3,2,2,3,3,2,3,3,2,5,41
5/14/21 21:55,5/14/21 22:03,0,107.117.160.100,100,499,1,5/14/21 22:03,R_1ClMiBD2apq7IqF,,,,42.35620117,-71.06310272,email,EN,0,0,6.055,0,0,0,7.484,0,120,5,120,4,2,1,7,5,5,3,3,5,5,2,9,1,1,1,5,5,4,4,5,4,7,3,3,1,5,5,2,7,1,5,2,3,2,2,2,3,2,3,3,2,5,7
5/14/21 22:49,5/14/21 22:54,0,71.192.26.187,100,289,1,5/14/21 22:54,R_1ptD5uxEXxIVC8E,,,,42.32510376,-72.62760162,email,EN,0,0,10.979,0,0,0,18.424,0,90,5,30,4,3,2,5,3,3,3,1,3,3,2,4.5,1,1,1,4,5,4,3,2,4,3,3,3,1,3,5,1,3,1,4,3,3,3,3,2,4,2,3,3,3,5,3
5/14/21 23:30,5/14/21 23:33,0,73.89.160.242,100,176,1,5/14/21 23:33,R_1laaExv4HE8kISS,,,,42.32510376,-72.62760162,email,EN,0,0,9.767,0,0,0,25.754,0,0,5,0,5,5,,3,5,5,3,3,3,3,1,7,2,2,2,3,3,,,,,,,,,,,,,,6,2,2,2,2,3,2,2,2,3,2,5,9
5/15/21 6:45,5/15/21 6:49,0,174.192.19.198,100,246,1,5/15/21 6:49,R_31SrxsB1S7ETBcK,,,,41.56950378,-72.34400177,email,EN,0,0,8.25,0,0,0,19.106,0,0,5,0,5,5,,4,1,1,1,1,1,2,1,7.5,1,1,1,7,7,7,1,7,1,7,7,7,1,7,7,1,7,1,7,1,3,1,1,4,4,1,3,3,1,5,32
5/15/21 9:06,5/15/21 9:09,0,144.121.36.209,100,171,1,5/15/21 9:09,R_1kOEDolyugRBX46,,,,42.31820679,-72.64189911,email,EN,0,0,6.992,0,0,0,18.686,0,30,5,0,5,5,3,1,1,1,1,1,1,1,3,9,1,1,1,7,7,7,1,5,1,6,6,6,1,7,6,1,7,1,4,2,2,2,3,2,2,2,2,2,3,5,36
5/15/21 9:08,5/15/21 9:12,0,108.195.124.71,100,226,1,5/15/21 9:12,R_2WUWZZ1fVTCr7Ek,,,,38.59599304,-121.2126999,email,EN,0,0,11.191,0,0,0,23.628,0,0,5,0,5,5,,2,3,2,2,2,2,2,3,7,1,1,1,,,,,,,,,,,,,,,,4,2,2,2,1,4,3,1,4,4,1,5,13
5/14/21 18:19,5/15/21 10:00,0,73.16.58.191,100,56466,1,5/15/21 10:00,R_3ezCe3qXvO9640G,,,,41.34579468,-72.14730072,email,EN,0,0,9.523,0,0,0,25.911,0,60,5,60,2,3,"2,3",5,6,6,6,4,4,6,5,8,2,2,1,3,3,2,2,1,1,4,3,5,1,3,2,1,5,1,2,3,1,4,4,2,1,3,3,2,3,5,37
5/15/21 10:35,5/15/21 10:40,0,125.179.84.26,100,284,1,5/15/21 10:40,R_XMRWPMZF731HfYl,,,,36.63870239,127.4702148,email,EN,0,0,7.318,0,0,0,20.853,0,75,4,55,3,5,2,3,1,2,1,2,2,1,2,7,3,2,2,6,6,5,4,4,2,5,4,3,1,5,5,2,5,1,4,2,2,2,2,2,2,2,3,4,2,5,21
5/15/21 10:59,5/15/21 11:02,0,172.56.23.148,100,179,1,5/15/21 11:02,R_2QF1XC6DHYR5CP2,,,,41.74310303,-72.68270111,email,EN,0,0,0.654,0,0,0,0.853,0,60,1,0,5,5,2,4,4,4,3,3,3,3,4,7,4,1,3,3,3,4,1,3,1,2,2,2,1,2,2,1,3,1,4,2,2,3,3,3,3,3,2,2,2,5,24
5/15/21 13:33,5/15/21 13:36,0,144.121.36.211,100,140,1,5/15/21 13:36,R_2CNRciYQNzeURTh,,,,42.31820679,-72.64189911,email,EN,0,0,0.762,0,0,0,2.013,0,2,2,1,3,5,"2,3",7,5,5,5,5,4,3,1,7,1,1,1,7,7,7,1,3,1,5,5,7,1,6,,6,7,1,3,1,1,1,1,3,2,1,1,3,1,5,12
5/15/21 14:12,5/15/21 14:14,0,71.192.26.103,100,142,1,5/15/21 14:14,R_51Fd1pqkrcm9VpD,,,,42.32510376,-72.62760162,email,EN,6.98,6.98,7.703,1,0,0,14.56,0,0,5,0,5,5,2,3,4,4,4,1,4,2,2,7,1,1,1,5,5,4,1,4,1,5,5,5,1,5,5,1,5,1,5,2,4,2,2,4,2,1,2,4,2,5,35
5/15/21 18:43,5/15/21 18:54,0,108.51.20.237,100,625,1,5/15/21 18:54,R_OGNY2AwRUPD3VkZ,,,,39.10899353,-77.24890137,email,EN,0,0,0.71,0,0,0,1.262,0,10,5,10,5,5,"2,3",2,5,2,2,2,3,2,1,7.5,1,1,1,3,2,5,3,5,3,4,3,3,2,3,2,4,4,1,4,3,3,2,3,3,1,2,2,2,2,5,10
5/15/21 19:16,5/15/21 19:19,0,144.121.36.212,100,185,1,5/15/21 19:19,R_sXWEOvZ8A3xzSkF,,,,42.31820679,-72.64189911,email,EN,0,0,8.928,0,0,0,16.084,0,0,,,,,,3,1,3,3,2,2,2,1,8,,,,,,,,,,,,,,,,,,,7,1,4,1,1,4,4,1,4,4,1,5,23